timestamp, temperature.gpu, utilization.gpu [%], utilization.memory [%], memory.total [MiB], memory.free [MiB], memory.used [MiB]
2019/03/28 14:10:10.314, 36, 0 %, 0 %, 16280 MiB, 16270 MiB, 10 MiB
2019/03/28 14:10:11.316, 36, 0 %, 0 %, 16280 MiB, 15939 MiB, 341 MiB
2019/03/28 14:10:12.317, 36, 1 %, 0 %, 16280 MiB, 15917 MiB, 363 MiB
2019/03/28 14:10:13.318, 36, 7 %, 0 %, 16280 MiB, 15847 MiB, 433 MiB
2019/03/28 14:10:14.319, 36, 2 %, 0 %, 16280 MiB, 15827 MiB, 453 MiB
2019/03/28 14:10:15.320, 36, 5 %, 0 %, 16280 MiB, 15753 MiB, 527 MiB
2019/03/28 14:10:16.321, 36, 2 %, 0 %, 16280 MiB, 15715 MiB, 565 MiB
2019/03/28 14:10:17.322, 36, 4 %, 0 %, 16280 MiB, 15675 MiB, 605 MiB
2019/03/28 14:10:18.323, 36, 0 %, 0 %, 16280 MiB, 15621 MiB, 659 MiB
2019/03/28 14:10:19.324, 36, 0 %, 0 %, 16280 MiB, 15603 MiB, 677 MiB
2019/03/28 14:10:20.325, 36, 12 %, 0 %, 16280 MiB, 15565 MiB, 715 MiB
2019/03/28 14:10:21.326, 36, 11 %, 0 %, 16280 MiB, 15565 MiB, 715 MiB
2019/03/28 14:10:22.326, 36, 12 %, 0 %, 16280 MiB, 15565 MiB, 715 MiB
2019/03/28 14:10:23.327, 36, 13 %, 0 %, 16280 MiB, 15565 MiB, 715 MiB
2019/03/28 14:10:24.327, 36, 12 %, 0 %, 16280 MiB, 15565 MiB, 715 MiB
2019/03/28 14:10:25.328, 36, 12 %, 0 %, 16280 MiB, 15565 MiB, 715 MiB
2019/03/28 14:10:26.328, 36, 13 %, 0 %, 16280 MiB, 15565 MiB, 715 MiB
2019/03/28 14:10:27.329, 36, 12 %, 0 %, 16280 MiB, 15565 MiB, 715 MiB
2019/03/28 14:10:28.329, 36, 12 %, 0 %, 16280 MiB, 15565 MiB, 715 MiB
2019/03/28 14:10:29.330, 36, 12 %, 0 %, 16280 MiB, 15565 MiB, 715 MiB
2019/03/28 14:10:30.331, 36, 15 %, 0 %, 16280 MiB, 15565 MiB, 715 MiB
2019/03/28 14:10:31.331, 36, 15 %, 0 %, 16280 MiB, 15565 MiB, 715 MiB
2019/03/28 14:10:32.332, 36, 15 %, 0 %, 16280 MiB, 15565 MiB, 715 MiB
2019/03/28 14:10:33.333, 36, 15 %, 0 %, 16280 MiB, 15565 MiB, 715 MiB
2019/03/28 14:10:34.333, 36, 14 %, 0 %, 16280 MiB, 15565 MiB, 715 MiB
2019/03/28 14:10:35.334, 36, 14 %, 0 %, 16280 MiB, 15565 MiB, 715 MiB
2019/03/28 14:10:36.335, 36, 15 %, 0 %, 16280 MiB, 15565 MiB, 715 MiB
2019/03/28 14:10:37.335, 36, 15 %, 0 %, 16280 MiB, 15565 MiB, 715 MiB
2019/03/28 14:10:38.336, 36, 15 %, 0 %, 16280 MiB, 15565 MiB, 715 MiB
2019/03/28 14:10:39.336, 36, 15 %, 0 %, 16280 MiB, 15565 MiB, 715 MiB
2019/03/28 14:10:40.337, 36, 12 %, 0 %, 16280 MiB, 15565 MiB, 715 MiB
2019/03/28 14:10:41.337, 36, 15 %, 0 %, 16280 MiB, 15565 MiB, 715 MiB
2019/03/28 14:10:42.338, 36, 15 %, 0 %, 16280 MiB, 15565 MiB, 715 MiB
2019/03/28 14:10:43.339, 36, 15 %, 0 %, 16280 MiB, 15565 MiB, 715 MiB
2019/03/28 14:10:44.340, 36, 15 %, 0 %, 16280 MiB, 15565 MiB, 715 MiB
2019/03/28 14:10:45.341, 36, 12 %, 0 %, 16280 MiB, 15565 MiB, 715 MiB
2019/03/28 14:10:46.342, 36, 15 %, 0 %, 16280 MiB, 15565 MiB, 715 MiB
2019/03/28 14:10:47.343, 36, 15 %, 0 %, 16280 MiB, 15565 MiB, 715 MiB
2019/03/28 14:10:48.344, 36, 15 %, 0 %, 16280 MiB, 15565 MiB, 715 MiB
2019/03/28 14:10:49.345, 36, 12 %, 0 %, 16280 MiB, 15565 MiB, 715 MiB
2019/03/28 14:10:50.346, 36, 13 %, 0 %, 16280 MiB, 15565 MiB, 715 MiB
2019/03/28 14:10:51.347, 36, 13 %, 0 %, 16280 MiB, 15565 MiB, 715 MiB
2019/03/28 14:10:52.348, 36, 13 %, 0 %, 16280 MiB, 15565 MiB, 715 MiB
2019/03/28 14:10:53.349, 36, 13 %, 0 %, 16280 MiB, 15565 MiB, 715 MiB
2019/03/28 14:10:54.350, 36, 13 %, 0 %, 16280 MiB, 15565 MiB, 715 MiB
2019/03/28 14:10:55.350, 36, 13 %, 0 %, 16280 MiB, 15565 MiB, 715 MiB
2019/03/28 14:10:56.351, 36, 13 %, 0 %, 16280 MiB, 15565 MiB, 715 MiB
2019/03/28 14:10:57.352, 36, 13 %, 0 %, 16280 MiB, 15565 MiB, 715 MiB
2019/03/28 14:10:58.353, 36, 12 %, 0 %, 16280 MiB, 15565 MiB, 715 MiB
2019/03/28 14:10:59.354, 36, 13 %, 0 %, 16280 MiB, 15565 MiB, 715 MiB
2019/03/28 14:11:00.355, 36, 9 %, 0 %, 16280 MiB, 15565 MiB, 715 MiB
2019/03/28 14:11:01.356, 36, 14 %, 0 %, 16280 MiB, 15565 MiB, 715 MiB
2019/03/28 14:11:02.357, 36, 13 %, 0 %, 16280 MiB, 15565 MiB, 715 MiB
2019/03/28 14:11:03.358, 36, 14 %, 0 %, 16280 MiB, 15565 MiB, 715 MiB
2019/03/28 14:11:04.359, 36, 12 %, 0 %, 16280 MiB, 15565 MiB, 715 MiB
2019/03/28 14:11:05.360, 36, 12 %, 0 %, 16280 MiB, 15565 MiB, 715 MiB
2019/03/28 14:11:06.361, 36, 13 %, 0 %, 16280 MiB, 15565 MiB, 715 MiB
2019/03/28 14:11:07.362, 36, 12 %, 0 %, 16280 MiB, 15565 MiB, 715 MiB
2019/03/28 14:11:08.363, 36, 12 %, 0 %, 16280 MiB, 15565 MiB, 715 MiB
2019/03/28 14:11:09.364, 36, 12 %, 0 %, 16280 MiB, 15565 MiB, 715 MiB
2019/03/28 14:11:10.365, 36, 13 %, 0 %, 16280 MiB, 15565 MiB, 715 MiB
2019/03/28 14:11:11.366, 36, 13 %, 0 %, 16280 MiB, 15565 MiB, 715 MiB
2019/03/28 14:11:12.366, 36, 12 %, 0 %, 16280 MiB, 15565 MiB, 715 MiB
2019/03/28 14:11:13.367, 36, 13 %, 0 %, 16280 MiB, 15565 MiB, 715 MiB
2019/03/28 14:11:14.368, 36, 14 %, 0 %, 16280 MiB, 15565 MiB, 715 MiB
2019/03/28 14:11:15.369, 36, 15 %, 0 %, 16280 MiB, 15565 MiB, 715 MiB
2019/03/28 14:11:16.370, 36, 15 %, 0 %, 16280 MiB, 15565 MiB, 715 MiB
2019/03/28 14:11:17.371, 36, 14 %, 0 %, 16280 MiB, 15565 MiB, 715 MiB
2019/03/28 14:11:18.372, 36, 14 %, 0 %, 16280 MiB, 15565 MiB, 715 MiB
2019/03/28 14:11:19.373, 36, 14 %, 0 %, 16280 MiB, 15565 MiB, 715 MiB
2019/03/28 14:11:20.374, 36, 15 %, 0 %, 16280 MiB, 15565 MiB, 715 MiB
2019/03/28 14:11:21.375, 36, 15 %, 0 %, 16280 MiB, 15565 MiB, 715 MiB
2019/03/28 14:11:22.376, 36, 14 %, 0 %, 16280 MiB, 15565 MiB, 715 MiB
2019/03/28 14:11:23.377, 36, 14 %, 0 %, 16280 MiB, 15565 MiB, 715 MiB
2019/03/28 14:11:24.378, 36, 14 %, 0 %, 16280 MiB, 15565 MiB, 715 MiB
2019/03/28 14:11:25.378, 36, 14 %, 0 %, 16280 MiB, 15565 MiB, 715 MiB
2019/03/28 14:11:26.379, 36, 14 %, 0 %, 16280 MiB, 15565 MiB, 715 MiB
2019/03/28 14:11:27.380, 36, 13 %, 0 %, 16280 MiB, 15565 MiB, 715 MiB
2019/03/28 14:11:28.381, 36, 13 %, 0 %, 16280 MiB, 15565 MiB, 715 MiB
2019/03/28 14:11:29.382, 36, 14 %, 0 %, 16280 MiB, 15565 MiB, 715 MiB
2019/03/28 14:11:30.383, 36, 14 %, 0 %, 16280 MiB, 15565 MiB, 715 MiB
2019/03/28 14:11:31.384, 36, 12 %, 0 %, 16280 MiB, 15565 MiB, 715 MiB
2019/03/28 14:11:32.385, 36, 13 %, 0 %, 16280 MiB, 15565 MiB, 715 MiB
2019/03/28 14:11:33.386, 36, 13 %, 0 %, 16280 MiB, 15565 MiB, 715 MiB
2019/03/28 14:11:34.387, 36, 12 %, 0 %, 16280 MiB, 15565 MiB, 715 MiB
2019/03/28 14:11:35.388, 36, 12 %, 0 %, 16280 MiB, 15565 MiB, 715 MiB
2019/03/28 14:11:36.389, 36, 12 %, 0 %, 16280 MiB, 15565 MiB, 715 MiB
2019/03/28 14:11:37.390, 36, 12 %, 0 %, 16280 MiB, 15565 MiB, 715 MiB
2019/03/28 14:11:38.391, 36, 12 %, 0 %, 16280 MiB, 15565 MiB, 715 MiB
2019/03/28 14:11:39.392, 36, 11 %, 0 %, 16280 MiB, 15565 MiB, 715 MiB
2019/03/28 14:11:40.393, 36, 12 %, 0 %, 16280 MiB, 15565 MiB, 715 MiB
2019/03/28 14:11:41.393, 36, 0 %, 0 %, 16280 MiB, 15565 MiB, 715 MiB
2019/03/28 14:11:42.394, 36, 0 %, 0 %, 16280 MiB, 15565 MiB, 715 MiB
2019/03/28 14:11:43.395, 36, 0 %, 0 %, 16280 MiB, 15565 MiB, 715 MiB
2019/03/28 14:11:44.395, 36, 0 %, 0 %, 16280 MiB, 15565 MiB, 715 MiB
2019/03/28 14:11:45.396, 36, 0 %, 0 %, 16280 MiB, 15565 MiB, 715 MiB
2019/03/28 14:11:46.397, 36, 0 %, 0 %, 16280 MiB, 15565 MiB, 715 MiB
2019/03/28 14:11:47.397, 36, 0 %, 0 %, 16280 MiB, 15565 MiB, 715 MiB
2019/03/28 14:11:48.398, 36, 0 %, 0 %, 16280 MiB, 15565 MiB, 715 MiB
2019/03/28 14:11:49.399, 36, 0 %, 0 %, 16280 MiB, 15565 MiB, 715 MiB
2019/03/28 14:11:50.400, 36, 0 %, 0 %, 16280 MiB, 15565 MiB, 715 MiB
2019/03/28 14:11:51.401, 36, 0 %, 0 %, 16280 MiB, 15565 MiB, 715 MiB
2019/03/28 14:11:52.401, 36, 0 %, 0 %, 16280 MiB, 15565 MiB, 715 MiB
2019/03/28 14:11:53.402, 36, 0 %, 0 %, 16280 MiB, 15565 MiB, 715 MiB
2019/03/28 14:11:54.403, 36, 0 %, 0 %, 16280 MiB, 15565 MiB, 715 MiB
2019/03/28 14:11:55.404, 36, 0 %, 0 %, 16280 MiB, 15565 MiB, 715 MiB
2019/03/28 14:11:56.404, 36, 0 %, 0 %, 16280 MiB, 16280 MiB, 0 MiB
2019/03/28 14:11:57.408, 36, 0 %, 0 %, 16280 MiB, 16280 MiB, 0 MiB
2019/03/28 14:11:58.409, 36, 0 %, 0 %, 16280 MiB, 16280 MiB, 0 MiB
2019/03/28 14:11:59.410, 36, 0 %, 0 %, 16280 MiB, 16280 MiB, 0 MiB
2019/03/28 14:12:00.411, 36, 0 %, 0 %, 16280 MiB, 16280 MiB, 0 MiB
2019/03/28 14:12:01.412, 36, 0 %, 0 %, 16280 MiB, 16280 MiB, 0 MiB
2019/03/28 14:12:02.412, 36, 0 %, 0 %, 16280 MiB, 16280 MiB, 0 MiB
2019/03/28 14:12:03.413, 36, 0 %, 0 %, 16280 MiB, 16280 MiB, 0 MiB
2019/03/28 14:12:04.414, 36, 0 %, 0 %, 16280 MiB, 16280 MiB, 0 MiB
2019/03/28 14:12:05.415, 36, 0 %, 0 %, 16280 MiB, 16280 MiB, 0 MiB
2019/03/28 14:12:06.416, 36, 0 %, 0 %, 16280 MiB, 16280 MiB, 0 MiB
2019/03/28 14:12:07.417, 36, 0 %, 0 %, 16280 MiB, 16280 MiB, 0 MiB
2019/03/28 14:12:08.418, 36, 0 %, 0 %, 16280 MiB, 16280 MiB, 0 MiB
2019/03/28 14:12:09.419, 36, 0 %, 0 %, 16280 MiB, 16280 MiB, 0 MiB
2019/03/28 14:12:10.420, 36, 0 %, 0 %, 16280 MiB, 16280 MiB, 0 MiB
2019/03/28 14:12:11.421, 36, 0 %, 0 %, 16280 MiB, 16280 MiB, 0 MiB
2019/03/28 14:12:12.422, 36, 0 %, 0 %, 16280 MiB, 16280 MiB, 0 MiB
2019/03/28 14:12:13.423, 36, 0 %, 0 %, 16280 MiB, 16280 MiB, 0 MiB
2019/03/28 14:12:14.424, 36, 0 %, 0 %, 16280 MiB, 16280 MiB, 0 MiB
2019/03/28 14:12:15.424, 36, 0 %, 0 %, 16280 MiB, 16280 MiB, 0 MiB
2019/03/28 14:12:16.425, 36, 0 %, 0 %, 16280 MiB, 16280 MiB, 0 MiB
2019/03/28 14:12:17.426, 36, 0 %, 0 %, 16280 MiB, 16280 MiB, 0 MiB
2019/03/28 14:12:18.427, 36, 0 %, 0 %, 16280 MiB, 16280 MiB, 0 MiB
2019/03/28 14:12:19.428, 36, 0 %, 0 %, 16280 MiB, 16280 MiB, 0 MiB
2019/03/28 14:12:20.429, 36, 0 %, 0 %, 16280 MiB, 16280 MiB, 0 MiB
2019/03/28 14:12:21.430, 36, 0 %, 0 %, 16280 MiB, 16280 MiB, 0 MiB
2019/03/28 14:12:22.431, 36, 0 %, 0 %, 16280 MiB, 16280 MiB, 0 MiB
2019/03/28 14:12:23.432, 36, 0 %, 0 %, 16280 MiB, 16280 MiB, 0 MiB
2019/03/28 14:12:24.433, 36, 0 %, 0 %, 16280 MiB, 16280 MiB, 0 MiB
2019/03/28 14:12:25.434, 36, 0 %, 0 %, 16280 MiB, 16280 MiB, 0 MiB
2019/03/28 14:12:26.435, 36, 0 %, 0 %, 16280 MiB, 16280 MiB, 0 MiB
2019/03/28 14:12:27.436, 36, 0 %, 0 %, 16280 MiB, 16280 MiB, 0 MiB
2019/03/28 14:12:28.437, 36, 0 %, 0 %, 16280 MiB, 16280 MiB, 0 MiB
2019/03/28 14:12:29.438, 36, 0 %, 0 %, 16280 MiB, 16280 MiB, 0 MiB
2019/03/28 14:12:30.439, 36, 0 %, 0 %, 16280 MiB, 16280 MiB, 0 MiB
2019/03/28 14:12:31.440, 36, 0 %, 0 %, 16280 MiB, 16280 MiB, 0 MiB
2019/03/28 14:12:32.441, 36, 0 %, 0 %, 16280 MiB, 16280 MiB, 0 MiB
2019/03/28 14:12:33.441, 36, 0 %, 0 %, 16280 MiB, 16280 MiB, 0 MiB
2019/03/28 14:12:34.656, 36, 0 %, 0 %, 16280 MiB, 16280 MiB, 0 MiB
2019/03/28 14:12:35.657, 36, 0 %, 0 %, 16280 MiB, 16280 MiB, 0 MiB
2019/03/28 14:12:36.658, 36, 0 %, 0 %, 16280 MiB, 16280 MiB, 0 MiB
2019/03/28 14:12:37.659, 36, 0 %, 0 %, 16280 MiB, 16280 MiB, 0 MiB
2019/03/28 14:12:38.660, 36, 0 %, 0 %, 16280 MiB, 16280 MiB, 0 MiB
2019/03/28 14:12:39.661, 36, 0 %, 0 %, 16280 MiB, 16280 MiB, 0 MiB
2019/03/28 14:12:40.662, 36, 0 %, 0 %, 16280 MiB, 16280 MiB, 0 MiB
2019/03/28 14:12:41.663, 36, 0 %, 0 %, 16280 MiB, 16280 MiB, 0 MiB
2019/03/28 14:12:42.664, 36, 0 %, 0 %, 16280 MiB, 16280 MiB, 0 MiB
2019/03/28 14:12:43.665, 36, 0 %, 0 %, 16280 MiB, 16280 MiB, 0 MiB
2019/03/28 14:12:44.792, 36, 0 %, 0 %, 16280 MiB, 16280 MiB, 0 MiB
2019/03/28 14:12:45.793, 36, 0 %, 0 %, 16280 MiB, 16280 MiB, 0 MiB
2019/03/28 14:12:46.794, 36, 0 %, 0 %, 16280 MiB, 16280 MiB, 0 MiB
2019/03/28 14:12:47.795, 36, 0 %, 0 %, 16280 MiB, 16280 MiB, 0 MiB
2019/03/28 14:12:48.796, 36, 0 %, 0 %, 16280 MiB, 16280 MiB, 0 MiB
2019/03/28 14:12:49.797, 36, 0 %, 0 %, 16280 MiB, 16280 MiB, 0 MiB
2019/03/28 14:12:50.798, 36, 0 %, 0 %, 16280 MiB, 16280 MiB, 0 MiB
2019/03/28 14:12:51.799, 36, 0 %, 0 %, 16280 MiB, 16280 MiB, 0 MiB
2019/03/28 14:12:52.800, 36, 0 %, 0 %, 16280 MiB, 16280 MiB, 0 MiB
2019/03/28 14:12:53.801, 36, 0 %, 0 %, 16280 MiB, 16280 MiB, 0 MiB
2019/03/28 14:12:55.021, 36, 0 %, 0 %, 16280 MiB, 16280 MiB, 0 MiB
2019/03/28 14:12:56.022, 36, 0 %, 0 %, 16280 MiB, 16280 MiB, 0 MiB
2019/03/28 14:12:57.023, 36, 0 %, 0 %, 16280 MiB, 16280 MiB, 0 MiB
2019/03/28 14:12:58.024, 36, 0 %, 0 %, 16280 MiB, 16280 MiB, 0 MiB
2019/03/28 14:12:59.025, 36, 0 %, 0 %, 16280 MiB, 16280 MiB, 0 MiB
2019/03/28 14:13:00.026, 36, 0 %, 0 %, 16280 MiB, 16280 MiB, 0 MiB
2019/03/28 14:13:01.027, 36, 0 %, 0 %, 16280 MiB, 16280 MiB, 0 MiB
2019/03/28 14:13:02.028, 36, 0 %, 0 %, 16280 MiB, 16280 MiB, 0 MiB
2019/03/28 14:13:03.029, 36, 0 %, 0 %, 16280 MiB, 16280 MiB, 0 MiB
2019/03/28 14:13:04.030, 36, 0 %, 0 %, 16280 MiB, 16280 MiB, 0 MiB
2019/03/28 14:13:05.031, 36, 0 %, 0 %, 16280 MiB, 16280 MiB, 0 MiB
2019/03/28 14:13:06.032, 35, 0 %, 0 %, 16280 MiB, 16280 MiB, 0 MiB
2019/03/28 14:13:07.033, 36, 0 %, 0 %, 16280 MiB, 16280 MiB, 0 MiB
2019/03/28 14:13:08.033, 36, 0 %, 0 %, 16280 MiB, 16280 MiB, 0 MiB
2019/03/28 14:13:09.034, 36, 0 %, 0 %, 16280 MiB, 16280 MiB, 0 MiB
2019/03/28 14:13:10.077, 36, 0 %, 0 %, 16280 MiB, 16280 MiB, 0 MiB
2019/03/28 14:13:11.078, 35, 0 %, 0 %, 16280 MiB, 16280 MiB, 0 MiB
2019/03/28 14:13:12.079, 36, 0 %, 0 %, 16280 MiB, 16280 MiB, 0 MiB
2019/03/28 14:13:13.080, 35, 0 %, 0 %, 16280 MiB, 16280 MiB, 0 MiB
2019/03/28 14:13:14.081, 36, 0 %, 0 %, 16280 MiB, 16280 MiB, 0 MiB
2019/03/28 14:13:15.082, 35, 0 %, 0 %, 16280 MiB, 16280 MiB, 0 MiB
2019/03/28 14:13:16.083, 36, 0 %, 0 %, 16280 MiB, 16280 MiB, 0 MiB
2019/03/28 14:13:17.084, 35, 0 %, 0 %, 16280 MiB, 16280 MiB, 0 MiB
2019/03/28 14:13:18.085, 35, 0 %, 0 %, 16280 MiB, 16280 MiB, 0 MiB
2019/03/28 14:13:19.086, 36, 0 %, 0 %, 16280 MiB, 16280 MiB, 0 MiB
2019/03/28 14:13:20.087, 36, 0 %, 0 %, 16280 MiB, 16280 MiB, 0 MiB
2019/03/28 14:13:21.088, 36, 0 %, 0 %, 16280 MiB, 16280 MiB, 0 MiB
2019/03/28 14:13:22.089, 36, 0 %, 0 %, 16280 MiB, 16280 MiB, 0 MiB
2019/03/28 14:13:23.089, 36, 0 %, 0 %, 16280 MiB, 16280 MiB, 0 MiB
2019/03/28 14:13:24.090, 36, 0 %, 0 %, 16280 MiB, 16280 MiB, 0 MiB
2019/03/28 14:13:25.091, 36, 0 %, 0 %, 16280 MiB, 16280 MiB, 0 MiB
2019/03/28 14:13:26.092, 35, 0 %, 0 %, 16280 MiB, 16280 MiB, 0 MiB
2019/03/28 14:13:27.093, 35, 0 %, 0 %, 16280 MiB, 16280 MiB, 0 MiB
2019/03/28 14:13:28.094, 35, 0 %, 0 %, 16280 MiB, 16280 MiB, 0 MiB
2019/03/28 14:13:29.095, 35, 0 %, 0 %, 16280 MiB, 16280 MiB, 0 MiB
2019/03/28 14:13:30.096, 35, 0 %, 0 %, 16280 MiB, 16280 MiB, 0 MiB
2019/03/28 14:13:31.097, 35, 0 %, 0 %, 16280 MiB, 16280 MiB, 0 MiB
2019/03/28 14:13:32.098, 35, 0 %, 0 %, 16280 MiB, 16280 MiB, 0 MiB
2019/03/28 14:13:33.098, 36, 0 %, 0 %, 16280 MiB, 16280 MiB, 0 MiB
2019/03/28 14:13:34.099, 36, 0 %, 0 %, 16280 MiB, 16280 MiB, 0 MiB
2019/03/28 14:13:35.100, 36, 0 %, 0 %, 16280 MiB, 16280 MiB, 0 MiB
2019/03/28 14:13:36.101, 35, 0 %, 0 %, 16280 MiB, 16280 MiB, 0 MiB
2019/03/28 14:13:37.102, 36, 0 %, 0 %, 16280 MiB, 16280 MiB, 0 MiB
2019/03/28 14:13:38.103, 35, 0 %, 0 %, 16280 MiB, 16280 MiB, 0 MiB
2019/03/28 14:13:39.104, 35, 0 %, 0 %, 16280 MiB, 16280 MiB, 0 MiB
2019/03/28 14:13:40.123, 35, 0 %, 0 %, 16280 MiB, 16280 MiB, 0 MiB
2019/03/28 14:13:41.124, 36, 0 %, 0 %, 16280 MiB, 16280 MiB, 0 MiB
2019/03/28 14:13:42.125, 35, 0 %, 0 %, 16280 MiB, 16280 MiB, 0 MiB
2019/03/28 14:13:43.126, 35, 0 %, 0 %, 16280 MiB, 16280 MiB, 0 MiB
2019/03/28 14:13:44.126, 35, 0 %, 0 %, 16280 MiB, 16280 MiB, 0 MiB
2019/03/28 14:13:45.127, 35, 0 %, 0 %, 16280 MiB, 16280 MiB, 0 MiB
2019/03/28 14:13:46.128, 36, 0 %, 0 %, 16280 MiB, 16280 MiB, 0 MiB
2019/03/28 14:13:47.129, 36, 0 %, 0 %, 16280 MiB, 16280 MiB, 0 MiB
2019/03/28 14:13:48.130, 35, 0 %, 0 %, 16280 MiB, 16280 MiB, 0 MiB
2019/03/28 14:13:49.131, 35, 0 %, 0 %, 16280 MiB, 16280 MiB, 0 MiB
2019/03/28 14:13:50.132, 35, 0 %, 0 %, 16280 MiB, 16280 MiB, 0 MiB
2019/03/28 14:13:51.133, 35, 0 %, 0 %, 16280 MiB, 16280 MiB, 0 MiB
2019/03/28 14:13:52.134, 35, 0 %, 0 %, 16280 MiB, 16280 MiB, 0 MiB
2019/03/28 14:13:53.135, 35, 0 %, 0 %, 16280 MiB, 16280 MiB, 0 MiB
2019/03/28 14:13:54.136, 35, 0 %, 0 %, 16280 MiB, 16280 MiB, 0 MiB
2019/03/28 14:13:55.137, 35, 0 %, 0 %, 16280 MiB, 16280 MiB, 0 MiB
2019/03/28 14:13:56.138, 35, 0 %, 0 %, 16280 MiB, 16280 MiB, 0 MiB
2019/03/28 14:13:57.139, 36, 0 %, 0 %, 16280 MiB, 16280 MiB, 0 MiB
2019/03/28 14:13:58.140, 35, 0 %, 0 %, 16280 MiB, 16280 MiB, 0 MiB
2019/03/28 14:13:59.141, 35, 0 %, 0 %, 16280 MiB, 16280 MiB, 0 MiB
2019/03/28 14:14:00.297, 35, 0 %, 0 %, 16280 MiB, 16280 MiB, 0 MiB
2019/03/28 14:14:01.298, 35, 0 %, 0 %, 16280 MiB, 16280 MiB, 0 MiB
2019/03/28 14:14:02.299, 35, 0 %, 0 %, 16280 MiB, 16280 MiB, 0 MiB
2019/03/28 14:14:03.300, 35, 0 %, 0 %, 16280 MiB, 16280 MiB, 0 MiB
2019/03/28 14:14:04.301, 35, 0 %, 0 %, 16280 MiB, 16280 MiB, 0 MiB
2019/03/28 14:14:05.303, 35, 0 %, 0 %, 16280 MiB, 16280 MiB, 0 MiB
2019/03/28 14:14:06.304, 36, 0 %, 0 %, 16280 MiB, 16280 MiB, 0 MiB
2019/03/28 14:14:07.305, 35, 0 %, 0 %, 16280 MiB, 16280 MiB, 0 MiB
2019/03/28 14:14:08.306, 35, 0 %, 0 %, 16280 MiB, 16280 MiB, 0 MiB
2019/03/28 14:14:09.307, 35, 0 %, 0 %, 16280 MiB, 16280 MiB, 0 MiB
2019/03/28 14:14:10.308, 36, 0 %, 0 %, 16280 MiB, 16280 MiB, 0 MiB
2019/03/28 14:14:11.309, 35, 0 %, 0 %, 16280 MiB, 16280 MiB, 0 MiB
2019/03/28 14:14:12.309, 35, 0 %, 0 %, 16280 MiB, 16280 MiB, 0 MiB
2019/03/28 14:14:13.310, 35, 0 %, 0 %, 16280 MiB, 16280 MiB, 0 MiB
2019/03/28 14:14:14.311, 35, 0 %, 0 %, 16280 MiB, 16280 MiB, 0 MiB
2019/03/28 14:14:15.326, 35, 0 %, 0 %, 16280 MiB, 16280 MiB, 0 MiB
2019/03/28 14:14:16.327, 35, 0 %, 0 %, 16280 MiB, 16280 MiB, 0 MiB
2019/03/28 14:14:17.328, 35, 0 %, 0 %, 16280 MiB, 16280 MiB, 0 MiB
2019/03/28 14:14:18.329, 35, 0 %, 0 %, 16280 MiB, 16280 MiB, 0 MiB
2019/03/28 14:14:19.330, 35, 0 %, 0 %, 16280 MiB, 16280 MiB, 0 MiB
2019/03/28 14:14:20.639, 35, 0 %, 0 %, 16280 MiB, 16280 MiB, 0 MiB
2019/03/28 14:14:21.640, 35, 0 %, 0 %, 16280 MiB, 16280 MiB, 0 MiB
2019/03/28 14:14:22.641, 35, 0 %, 0 %, 16280 MiB, 16280 MiB, 0 MiB
2019/03/28 14:14:23.642, 35, 0 %, 0 %, 16280 MiB, 16280 MiB, 0 MiB
2019/03/28 14:14:24.643, 35, 0 %, 0 %, 16280 MiB, 16280 MiB, 0 MiB
2019/03/28 14:14:25.644, 36, 0 %, 0 %, 16280 MiB, 16280 MiB, 0 MiB
2019/03/28 14:14:26.645, 35, 0 %, 0 %, 16280 MiB, 16280 MiB, 0 MiB
2019/03/28 14:14:27.646, 36, 0 %, 0 %, 16280 MiB, 16280 MiB, 0 MiB
2019/03/28 14:14:28.647, 35, 0 %, 0 %, 16280 MiB, 16280 MiB, 0 MiB
2019/03/28 14:14:29.648, 35, 0 %, 0 %, 16280 MiB, 16280 MiB, 0 MiB
2019/03/28 14:14:30.649, 35, 0 %, 0 %, 16280 MiB, 16280 MiB, 0 MiB
2019/03/28 14:14:31.650, 36, 0 %, 0 %, 16280 MiB, 16280 MiB, 0 MiB
2019/03/28 14:14:32.651, 35, 0 %, 0 %, 16280 MiB, 16280 MiB, 0 MiB
2019/03/28 14:14:33.652, 35, 0 %, 0 %, 16280 MiB, 16280 MiB, 0 MiB
2019/03/28 14:14:34.653, 35, 0 %, 0 %, 16280 MiB, 16280 MiB, 0 MiB
2019/03/28 14:14:36.368, 35, 0 %, 0 %, 16280 MiB, 16280 MiB, 0 MiB
2019/03/28 14:14:37.369, 35, 0 %, 0 %, 16280 MiB, 16280 MiB, 0 MiB
2019/03/28 14:14:38.370, 35, 0 %, 0 %, 16280 MiB, 16280 MiB, 0 MiB
2019/03/28 14:14:39.371, 35, 0 %, 0 %, 16280 MiB, 16280 MiB, 0 MiB
2019/03/28 14:14:40.372, 35, 0 %, 0 %, 16280 MiB, 16280 MiB, 0 MiB
2019/03/28 14:14:41.373, 35, 0 %, 0 %, 16280 MiB, 16280 MiB, 0 MiB
2019/03/28 14:14:42.374, 35, 0 %, 0 %, 16280 MiB, 16280 MiB, 0 MiB
2019/03/28 14:14:43.375, 35, 0 %, 0 %, 16280 MiB, 16280 MiB, 0 MiB
2019/03/28 14:14:44.376, 35, 0 %, 0 %, 16280 MiB, 16280 MiB, 0 MiB
2019/03/28 14:14:45.377, 35, 0 %, 0 %, 16280 MiB, 16280 MiB, 0 MiB
2019/03/28 14:14:46.378, 35, 0 %, 0 %, 16280 MiB, 16280 MiB, 0 MiB
2019/03/28 14:14:47.379, 35, 0 %, 0 %, 16280 MiB, 16280 MiB, 0 MiB
2019/03/28 14:14:48.380, 35, 0 %, 0 %, 16280 MiB, 16280 MiB, 0 MiB
2019/03/28 14:14:49.381, 35, 0 %, 0 %, 16280 MiB, 16280 MiB, 0 MiB
2019/03/28 14:14:50.382, 35, 0 %, 0 %, 16280 MiB, 16280 MiB, 0 MiB
2019/03/28 14:14:51.476, 35, 0 %, 0 %, 16280 MiB, 16280 MiB, 0 MiB
2019/03/28 14:14:52.477, 35, 0 %, 0 %, 16280 MiB, 16280 MiB, 0 MiB
2019/03/28 14:14:53.478, 35, 0 %, 0 %, 16280 MiB, 16280 MiB, 0 MiB
2019/03/28 14:14:54.479, 35, 0 %, 0 %, 16280 MiB, 16280 MiB, 0 MiB
2019/03/28 14:14:55.480, 35, 0 %, 0 %, 16280 MiB, 16280 MiB, 0 MiB
2019/03/28 14:14:56.601, 35, 0 %, 0 %, 16280 MiB, 16280 MiB, 0 MiB
2019/03/28 14:14:57.602, 35, 0 %, 0 %, 16280 MiB, 16280 MiB, 0 MiB
2019/03/28 14:14:58.603, 35, 0 %, 0 %, 16280 MiB, 16280 MiB, 0 MiB
2019/03/28 14:14:59.604, 35, 0 %, 0 %, 16280 MiB, 16280 MiB, 0 MiB
2019/03/28 14:15:00.605, 35, 0 %, 0 %, 16280 MiB, 16280 MiB, 0 MiB
2019/03/28 14:15:01.606, 35, 0 %, 0 %, 16280 MiB, 16280 MiB, 0 MiB
2019/03/28 14:15:02.607, 35, 0 %, 0 %, 16280 MiB, 16280 MiB, 0 MiB
2019/03/28 14:15:03.608, 35, 0 %, 0 %, 16280 MiB, 16280 MiB, 0 MiB
2019/03/28 14:15:04.609, 35, 0 %, 0 %, 16280 MiB, 16280 MiB, 0 MiB
2019/03/28 14:15:05.610, 35, 0 %, 0 %, 16280 MiB, 16280 MiB, 0 MiB
2019/03/28 14:15:07.147, 35, 0 %, 0 %, 16280 MiB, 16280 MiB, 0 MiB
2019/03/28 14:15:08.148, 35, 0 %, 0 %, 16280 MiB, 16280 MiB, 0 MiB
2019/03/28 14:15:09.149, 35, 0 %, 0 %, 16280 MiB, 16280 MiB, 0 MiB
2019/03/28 14:15:10.150, 35, 0 %, 0 %, 16280 MiB, 16280 MiB, 0 MiB
2019/03/28 14:15:11.151, 35, 0 %, 0 %, 16280 MiB, 16280 MiB, 0 MiB
2019/03/28 14:15:12.152, 35, 0 %, 0 %, 16280 MiB, 16280 MiB, 0 MiB
2019/03/28 14:15:13.153, 35, 0 %, 0 %, 16280 MiB, 16280 MiB, 0 MiB
2019/03/28 14:15:14.154, 35, 0 %, 0 %, 16280 MiB, 16280 MiB, 0 MiB
2019/03/28 14:15:15.155, 35, 0 %, 0 %, 16280 MiB, 16280 MiB, 0 MiB
2019/03/28 14:15:16.156, 35, 0 %, 0 %, 16280 MiB, 16280 MiB, 0 MiB
2019/03/28 14:15:17.157, 35, 0 %, 0 %, 16280 MiB, 16280 MiB, 0 MiB
2019/03/28 14:15:18.158, 35, 0 %, 0 %, 16280 MiB, 16280 MiB, 0 MiB
2019/03/28 14:15:19.159, 35, 0 %, 0 %, 16280 MiB, 16280 MiB, 0 MiB
2019/03/28 14:15:20.160, 35, 0 %, 0 %, 16280 MiB, 16280 MiB, 0 MiB
2019/03/28 14:15:21.161, 35, 0 %, 0 %, 16280 MiB, 16280 MiB, 0 MiB
2019/03/28 14:15:22.162, 35, 0 %, 0 %, 16280 MiB, 16280 MiB, 0 MiB
2019/03/28 14:15:23.163, 35, 0 %, 0 %, 16280 MiB, 16280 MiB, 0 MiB
2019/03/28 14:15:24.164, 35, 0 %, 0 %, 16280 MiB, 16280 MiB, 0 MiB
2019/03/28 14:15:25.164, 35, 0 %, 0 %, 16280 MiB, 16280 MiB, 0 MiB
2019/03/28 14:15:26.165, 35, 0 %, 0 %, 16280 MiB, 16280 MiB, 0 MiB
2019/03/28 14:15:27.166, 35, 0 %, 0 %, 16280 MiB, 16280 MiB, 0 MiB
2019/03/28 14:15:28.167, 35, 0 %, 0 %, 16280 MiB, 16280 MiB, 0 MiB
2019/03/28 14:15:29.168, 35, 0 %, 0 %, 16280 MiB, 16280 MiB, 0 MiB
2019/03/28 14:15:30.169, 35, 0 %, 0 %, 16280 MiB, 16280 MiB, 0 MiB
2019/03/28 14:15:31.170, 35, 0 %, 0 %, 16280 MiB, 16280 MiB, 0 MiB
2019/03/28 14:15:32.174, 35, 0 %, 0 %, 16280 MiB, 16280 MiB, 0 MiB
2019/03/28 14:15:33.175, 35, 0 %, 0 %, 16280 MiB, 16280 MiB, 0 MiB
2019/03/28 14:15:34.176, 35, 0 %, 0 %, 16280 MiB, 16280 MiB, 0 MiB
2019/03/28 14:15:35.177, 35, 0 %, 0 %, 16280 MiB, 16280 MiB, 0 MiB
2019/03/28 14:15:36.178, 35, 0 %, 0 %, 16280 MiB, 16280 MiB, 0 MiB
2019/03/28 14:15:37.202, 35, 0 %, 0 %, 16280 MiB, 16280 MiB, 0 MiB
2019/03/28 14:15:38.203, 35, 0 %, 0 %, 16280 MiB, 16280 MiB, 0 MiB
2019/03/28 14:15:39.204, 35, 0 %, 0 %, 16280 MiB, 16280 MiB, 0 MiB
2019/03/28 14:15:40.205, 35, 0 %, 0 %, 16280 MiB, 16280 MiB, 0 MiB
2019/03/28 14:15:41.206, 35, 0 %, 0 %, 16280 MiB, 16280 MiB, 0 MiB
2019/03/28 14:15:42.304, 35, 0 %, 0 %, 16280 MiB, 16280 MiB, 0 MiB
2019/03/28 14:15:43.305, 35, 0 %, 0 %, 16280 MiB, 16280 MiB, 0 MiB
2019/03/28 14:15:44.306, 35, 0 %, 0 %, 16280 MiB, 16280 MiB, 0 MiB
2019/03/28 14:15:45.307, 35, 0 %, 0 %, 16280 MiB, 16280 MiB, 0 MiB
2019/03/28 14:15:46.308, 35, 0 %, 0 %, 16280 MiB, 16280 MiB, 0 MiB
2019/03/28 14:15:47.309, 35, 0 %, 0 %, 16280 MiB, 16280 MiB, 0 MiB
2019/03/28 14:15:48.310, 35, 0 %, 0 %, 16280 MiB, 16280 MiB, 0 MiB
2019/03/28 14:15:49.311, 35, 0 %, 0 %, 16280 MiB, 16280 MiB, 0 MiB
2019/03/28 14:15:50.312, 35, 0 %, 0 %, 16280 MiB, 16280 MiB, 0 MiB
2019/03/28 14:15:51.313, 35, 0 %, 0 %, 16280 MiB, 16280 MiB, 0 MiB
2019/03/28 14:15:52.314, 35, 0 %, 0 %, 16280 MiB, 16280 MiB, 0 MiB
2019/03/28 14:15:53.315, 35, 0 %, 0 %, 16280 MiB, 16280 MiB, 0 MiB
2019/03/28 14:15:54.316, 35, 0 %, 0 %, 16280 MiB, 16280 MiB, 0 MiB
2019/03/28 14:15:55.317, 35, 0 %, 0 %, 16280 MiB, 16280 MiB, 0 MiB
2019/03/28 14:15:56.318, 35, 0 %, 0 %, 16280 MiB, 16280 MiB, 0 MiB
2019/03/28 14:15:57.319, 35, 0 %, 0 %, 16280 MiB, 16280 MiB, 0 MiB
2019/03/28 14:15:58.320, 35, 0 %, 0 %, 16280 MiB, 16280 MiB, 0 MiB
2019/03/28 14:15:59.321, 35, 0 %, 0 %, 16280 MiB, 16280 MiB, 0 MiB
2019/03/28 14:16:00.322, 35, 0 %, 0 %, 16280 MiB, 16280 MiB, 0 MiB
2019/03/28 14:16:01.323, 35, 0 %, 0 %, 16280 MiB, 16280 MiB, 0 MiB
2019/03/28 14:16:02.324, 35, 0 %, 0 %, 16280 MiB, 16280 MiB, 0 MiB
2019/03/28 14:16:03.325, 35, 0 %, 0 %, 16280 MiB, 16280 MiB, 0 MiB
2019/03/28 14:16:04.326, 35, 0 %, 0 %, 16280 MiB, 16280 MiB, 0 MiB
2019/03/28 14:16:05.327, 35, 0 %, 0 %, 16280 MiB, 16280 MiB, 0 MiB
2019/03/28 14:16:06.328, 35, 0 %, 0 %, 16280 MiB, 16280 MiB, 0 MiB
2019/03/28 14:16:07.329, 35, 0 %, 0 %, 16280 MiB, 16280 MiB, 0 MiB
2019/03/28 14:16:08.330, 35, 0 %, 0 %, 16280 MiB, 16280 MiB, 0 MiB
2019/03/28 14:16:09.331, 35, 0 %, 0 %, 16280 MiB, 16280 MiB, 0 MiB
2019/03/28 14:16:10.332, 35, 0 %, 0 %, 16280 MiB, 16280 MiB, 0 MiB
2019/03/28 14:16:11.333, 35, 0 %, 0 %, 16280 MiB, 16280 MiB, 0 MiB
2019/03/28 14:16:12.334, 35, 0 %, 0 %, 16280 MiB, 16280 MiB, 0 MiB
2019/03/28 14:16:13.335, 35, 0 %, 0 %, 16280 MiB, 16280 MiB, 0 MiB
2019/03/28 14:16:14.336, 35, 0 %, 0 %, 16280 MiB, 16280 MiB, 0 MiB
2019/03/28 14:16:15.337, 35, 0 %, 0 %, 16280 MiB, 16280 MiB, 0 MiB
2019/03/28 14:16:16.338, 35, 0 %, 0 %, 16280 MiB, 16280 MiB, 0 MiB
2019/03/28 14:16:17.354, 35, 0 %, 0 %, 16280 MiB, 16280 MiB, 0 MiB
2019/03/28 14:16:18.354, 35, 0 %, 0 %, 16280 MiB, 16280 MiB, 0 MiB
2019/03/28 14:16:19.355, 35, 0 %, 0 %, 16280 MiB, 16280 MiB, 0 MiB
2019/03/28 14:16:20.356, 35, 0 %, 0 %, 16280 MiB, 16280 MiB, 0 MiB
2019/03/28 14:16:21.357, 35, 0 %, 0 %, 16280 MiB, 16280 MiB, 0 MiB
2019/03/28 14:16:22.358, 35, 0 %, 0 %, 16280 MiB, 16280 MiB, 0 MiB
2019/03/28 14:16:23.359, 35, 0 %, 0 %, 16280 MiB, 16280 MiB, 0 MiB
2019/03/28 14:16:24.360, 35, 0 %, 0 %, 16280 MiB, 16280 MiB, 0 MiB
2019/03/28 14:16:25.361, 35, 0 %, 0 %, 16280 MiB, 16280 MiB, 0 MiB
2019/03/28 14:16:26.362, 35, 0 %, 0 %, 16280 MiB, 16280 MiB, 0 MiB
2019/03/28 14:16:27.382, 35, 0 %, 0 %, 16280 MiB, 16280 MiB, 0 MiB
2019/03/28 14:16:28.383, 35, 0 %, 0 %, 16280 MiB, 16280 MiB, 0 MiB
2019/03/28 14:16:29.384, 35, 0 %, 0 %, 16280 MiB, 16280 MiB, 0 MiB
2019/03/28 14:16:30.385, 35, 0 %, 0 %, 16280 MiB, 16280 MiB, 0 MiB
2019/03/28 14:16:31.386, 35, 0 %, 0 %, 16280 MiB, 16280 MiB, 0 MiB
2019/03/28 14:16:32.401, 35, 0 %, 0 %, 16280 MiB, 16280 MiB, 0 MiB
2019/03/28 14:16:33.402, 35, 0 %, 0 %, 16280 MiB, 16280 MiB, 0 MiB
2019/03/28 14:16:34.403, 35, 0 %, 0 %, 16280 MiB, 16280 MiB, 0 MiB
2019/03/28 14:16:35.404, 35, 0 %, 0 %, 16280 MiB, 16280 MiB, 0 MiB
2019/03/28 14:16:36.405, 35, 0 %, 0 %, 16280 MiB, 16280 MiB, 0 MiB
2019/03/28 14:16:37.409, 35, 0 %, 0 %, 16280 MiB, 16280 MiB, 0 MiB
2019/03/28 14:16:38.410, 35, 0 %, 0 %, 16280 MiB, 16280 MiB, 0 MiB
2019/03/28 14:16:39.411, 35, 0 %, 0 %, 16280 MiB, 16280 MiB, 0 MiB
2019/03/28 14:16:40.412, 35, 0 %, 0 %, 16280 MiB, 16280 MiB, 0 MiB
2019/03/28 14:16:41.413, 35, 0 %, 0 %, 16280 MiB, 16280 MiB, 0 MiB
2019/03/28 14:16:42.427, 35, 0 %, 0 %, 16280 MiB, 16280 MiB, 0 MiB
2019/03/28 14:16:43.428, 35, 0 %, 0 %, 16280 MiB, 16280 MiB, 0 MiB
2019/03/28 14:16:44.429, 35, 0 %, 0 %, 16280 MiB, 16280 MiB, 0 MiB
2019/03/28 14:16:45.430, 35, 0 %, 0 %, 16280 MiB, 16280 MiB, 0 MiB
2019/03/28 14:16:46.431, 35, 0 %, 0 %, 16280 MiB, 16280 MiB, 0 MiB
2019/03/28 14:16:47.609, 35, 0 %, 0 %, 16280 MiB, 16280 MiB, 0 MiB
2019/03/28 14:16:48.610, 35, 0 %, 0 %, 16280 MiB, 16280 MiB, 0 MiB
2019/03/28 14:16:49.611, 35, 0 %, 0 %, 16280 MiB, 16280 MiB, 0 MiB
2019/03/28 14:16:50.611, 35, 0 %, 0 %, 16280 MiB, 16280 MiB, 0 MiB
2019/03/28 14:16:51.612, 35, 0 %, 0 %, 16280 MiB, 16280 MiB, 0 MiB
2019/03/28 14:16:52.639, 35, 0 %, 0 %, 16280 MiB, 16280 MiB, 0 MiB
2019/03/28 14:16:53.640, 35, 0 %, 0 %, 16280 MiB, 16280 MiB, 0 MiB
2019/03/28 14:16:54.641, 35, 0 %, 0 %, 16280 MiB, 16280 MiB, 0 MiB
2019/03/28 14:16:55.642, 35, 0 %, 0 %, 16280 MiB, 16280 MiB, 0 MiB
2019/03/28 14:16:56.643, 35, 0 %, 0 %, 16280 MiB, 16280 MiB, 0 MiB
2019/03/28 14:16:57.643, 35, 0 %, 0 %, 16280 MiB, 16280 MiB, 0 MiB
2019/03/28 14:16:58.644, 35, 0 %, 0 %, 16280 MiB, 16280 MiB, 0 MiB
2019/03/28 14:16:59.645, 35, 0 %, 0 %, 16280 MiB, 16280 MiB, 0 MiB
2019/03/28 14:17:00.646, 35, 0 %, 0 %, 16280 MiB, 16280 MiB, 0 MiB
2019/03/28 14:17:01.647, 35, 0 %, 0 %, 16280 MiB, 16280 MiB, 0 MiB
2019/03/28 14:17:02.648, 35, 0 %, 0 %, 16280 MiB, 16280 MiB, 0 MiB
2019/03/28 14:17:03.650, 35, 0 %, 0 %, 16280 MiB, 16280 MiB, 0 MiB
2019/03/28 14:17:04.651, 35, 0 %, 0 %, 16280 MiB, 16280 MiB, 0 MiB
2019/03/28 14:17:05.651, 35, 0 %, 0 %, 16280 MiB, 16280 MiB, 0 MiB
2019/03/28 14:17:06.652, 35, 0 %, 0 %, 16280 MiB, 16280 MiB, 0 MiB
2019/03/28 14:17:07.653, 35, 0 %, 0 %, 16280 MiB, 16280 MiB, 0 MiB
2019/03/28 14:17:08.654, 35, 0 %, 0 %, 16280 MiB, 16280 MiB, 0 MiB
2019/03/28 14:17:09.655, 35, 0 %, 0 %, 16280 MiB, 16280 MiB, 0 MiB
2019/03/28 14:17:10.656, 35, 0 %, 0 %, 16280 MiB, 16280 MiB, 0 MiB
2019/03/28 14:17:11.657, 35, 0 %, 0 %, 16280 MiB, 16280 MiB, 0 MiB
2019/03/28 14:17:12.658, 35, 0 %, 0 %, 16280 MiB, 16280 MiB, 0 MiB
2019/03/28 14:17:13.659, 35, 0 %, 0 %, 16280 MiB, 16280 MiB, 0 MiB
2019/03/28 14:17:14.660, 35, 0 %, 0 %, 16280 MiB, 16280 MiB, 0 MiB
2019/03/28 14:17:15.661, 35, 0 %, 0 %, 16280 MiB, 16280 MiB, 0 MiB
2019/03/28 14:17:16.662, 35, 0 %, 0 %, 16280 MiB, 16280 MiB, 0 MiB
2019/03/28 14:17:17.663, 35, 0 %, 0 %, 16280 MiB, 16280 MiB, 0 MiB
2019/03/28 14:17:18.664, 35, 0 %, 0 %, 16280 MiB, 16280 MiB, 0 MiB
2019/03/28 14:17:19.665, 35, 0 %, 0 %, 16280 MiB, 16280 MiB, 0 MiB
2019/03/28 14:17:20.666, 35, 0 %, 0 %, 16280 MiB, 16280 MiB, 0 MiB
2019/03/28 14:17:21.667, 35, 0 %, 0 %, 16280 MiB, 16280 MiB, 0 MiB
2019/03/28 14:17:22.793, 35, 0 %, 0 %, 16280 MiB, 16280 MiB, 0 MiB
2019/03/28 14:17:23.794, 35, 0 %, 0 %, 16280 MiB, 16280 MiB, 0 MiB
2019/03/28 14:17:24.795, 35, 0 %, 0 %, 16280 MiB, 16280 MiB, 0 MiB
2019/03/28 14:17:25.796, 35, 0 %, 0 %, 16280 MiB, 16280 MiB, 0 MiB
2019/03/28 14:17:26.797, 35, 0 %, 0 %, 16280 MiB, 16280 MiB, 0 MiB
2019/03/28 14:17:27.798, 35, 0 %, 0 %, 16280 MiB, 16280 MiB, 0 MiB
2019/03/28 14:17:28.799, 35, 0 %, 0 %, 16280 MiB, 16280 MiB, 0 MiB
2019/03/28 14:17:29.799, 35, 0 %, 0 %, 16280 MiB, 16280 MiB, 0 MiB
2019/03/28 14:17:30.800, 35, 0 %, 0 %, 16280 MiB, 16280 MiB, 0 MiB
2019/03/28 14:17:31.801, 35, 0 %, 0 %, 16280 MiB, 16280 MiB, 0 MiB
2019/03/28 14:17:32.802, 35, 0 %, 0 %, 16280 MiB, 16280 MiB, 0 MiB
2019/03/28 14:17:33.803, 35, 0 %, 0 %, 16280 MiB, 16280 MiB, 0 MiB
2019/03/28 14:17:34.804, 35, 0 %, 0 %, 16280 MiB, 16280 MiB, 0 MiB
2019/03/28 14:17:35.805, 35, 0 %, 0 %, 16280 MiB, 16280 MiB, 0 MiB
2019/03/28 14:17:36.806, 35, 0 %, 0 %, 16280 MiB, 16280 MiB, 0 MiB
2019/03/28 14:17:37.807, 35, 0 %, 0 %, 16280 MiB, 16280 MiB, 0 MiB
2019/03/28 14:17:38.808, 35, 0 %, 0 %, 16280 MiB, 16280 MiB, 0 MiB
2019/03/28 14:17:39.809, 35, 0 %, 0 %, 16280 MiB, 16280 MiB, 0 MiB
2019/03/28 14:17:40.810, 35, 0 %, 0 %, 16280 MiB, 16280 MiB, 0 MiB
2019/03/28 14:17:41.811, 35, 0 %, 0 %, 16280 MiB, 16280 MiB, 0 MiB
2019/03/28 14:17:43.042, 35, 0 %, 0 %, 16280 MiB, 16280 MiB, 0 MiB
2019/03/28 14:17:44.043, 35, 0 %, 0 %, 16280 MiB, 16280 MiB, 0 MiB
2019/03/28 14:17:45.044, 35, 0 %, 0 %, 16280 MiB, 16280 MiB, 0 MiB
2019/03/28 14:17:46.045, 35, 0 %, 0 %, 16280 MiB, 16280 MiB, 0 MiB
2019/03/28 14:17:47.046, 35, 0 %, 0 %, 16280 MiB, 16280 MiB, 0 MiB
2019/03/28 14:17:48.047, 35, 0 %, 0 %, 16280 MiB, 16280 MiB, 0 MiB
2019/03/28 14:17:49.048, 35, 0 %, 0 %, 16280 MiB, 16280 MiB, 0 MiB
2019/03/28 14:17:50.049, 35, 0 %, 0 %, 16280 MiB, 16280 MiB, 0 MiB
2019/03/28 14:17:51.050, 35, 0 %, 0 %, 16280 MiB, 16280 MiB, 0 MiB
2019/03/28 14:17:52.051, 35, 0 %, 0 %, 16280 MiB, 16280 MiB, 0 MiB
2019/03/28 14:17:53.052, 35, 0 %, 0 %, 16280 MiB, 16280 MiB, 0 MiB
2019/03/28 14:17:54.053, 35, 0 %, 0 %, 16280 MiB, 16280 MiB, 0 MiB
2019/03/28 14:17:55.054, 35, 0 %, 0 %, 16280 MiB, 16280 MiB, 0 MiB
2019/03/28 14:17:56.055, 35, 0 %, 0 %, 16280 MiB, 16280 MiB, 0 MiB
2019/03/28 14:17:57.056, 35, 0 %, 0 %, 16280 MiB, 16280 MiB, 0 MiB
2019/03/28 14:17:58.057, 35, 0 %, 0 %, 16280 MiB, 16280 MiB, 0 MiB
2019/03/28 14:17:59.058, 35, 0 %, 0 %, 16280 MiB, 16280 MiB, 0 MiB
2019/03/28 14:18:00.059, 35, 0 %, 0 %, 16280 MiB, 16280 MiB, 0 MiB
2019/03/28 14:18:01.060, 35, 0 %, 0 %, 16280 MiB, 16280 MiB, 0 MiB
2019/03/28 14:18:02.061, 35, 0 %, 0 %, 16280 MiB, 16280 MiB, 0 MiB
2019/03/28 14:18:03.062, 35, 0 %, 0 %, 16280 MiB, 16280 MiB, 0 MiB
2019/03/28 14:18:04.063, 35, 0 %, 0 %, 16280 MiB, 16280 MiB, 0 MiB
2019/03/28 14:18:05.064, 35, 0 %, 0 %, 16280 MiB, 16280 MiB, 0 MiB
2019/03/28 14:18:06.065, 35, 0 %, 0 %, 16280 MiB, 16280 MiB, 0 MiB
2019/03/28 14:18:07.066, 35, 0 %, 0 %, 16280 MiB, 16280 MiB, 0 MiB
2019/03/28 14:18:08.233, 35, 0 %, 0 %, 16280 MiB, 16280 MiB, 0 MiB
2019/03/28 14:18:09.234, 35, 0 %, 0 %, 16280 MiB, 16280 MiB, 0 MiB
2019/03/28 14:18:10.235, 35, 0 %, 0 %, 16280 MiB, 16280 MiB, 0 MiB
2019/03/28 14:18:11.236, 35, 0 %, 0 %, 16280 MiB, 16280 MiB, 0 MiB
2019/03/28 14:18:12.237, 35, 0 %, 0 %, 16280 MiB, 16280 MiB, 0 MiB
2019/03/28 14:18:13.273, 35, 0 %, 0 %, 16280 MiB, 16280 MiB, 0 MiB
2019/03/28 14:18:14.274, 35, 0 %, 0 %, 16280 MiB, 16280 MiB, 0 MiB
2019/03/28 14:18:15.275, 35, 0 %, 0 %, 16280 MiB, 16280 MiB, 0 MiB
2019/03/28 14:18:16.276, 35, 0 %, 0 %, 16280 MiB, 16280 MiB, 0 MiB
2019/03/28 14:18:17.277, 35, 0 %, 0 %, 16280 MiB, 16280 MiB, 0 MiB
2019/03/28 14:18:18.372, 35, 0 %, 0 %, 16280 MiB, 16280 MiB, 0 MiB
2019/03/28 14:18:19.373, 35, 0 %, 0 %, 16280 MiB, 16280 MiB, 0 MiB
2019/03/28 14:18:20.374, 35, 0 %, 0 %, 16280 MiB, 16280 MiB, 0 MiB
2019/03/28 14:18:21.375, 35, 0 %, 0 %, 16280 MiB, 16280 MiB, 0 MiB
2019/03/28 14:18:22.376, 35, 0 %, 0 %, 16280 MiB, 16280 MiB, 0 MiB
2019/03/28 14:18:24.187, 35, 0 %, 0 %, 16280 MiB, 16280 MiB, 0 MiB
2019/03/28 14:18:25.188, 35, 0 %, 0 %, 16280 MiB, 16280 MiB, 0 MiB
2019/03/28 14:18:26.189, 35, 0 %, 0 %, 16280 MiB, 16280 MiB, 0 MiB
2019/03/28 14:18:27.190, 35, 0 %, 0 %, 16280 MiB, 16280 MiB, 0 MiB
2019/03/28 14:18:28.191, 35, 0 %, 0 %, 16280 MiB, 16280 MiB, 0 MiB
2019/03/28 14:18:29.293, 35, 0 %, 0 %, 16280 MiB, 16280 MiB, 0 MiB
2019/03/28 14:18:30.294, 35, 0 %, 0 %, 16280 MiB, 16280 MiB, 0 MiB
2019/03/28 14:18:31.295, 35, 0 %, 0 %, 16280 MiB, 16280 MiB, 0 MiB
2019/03/28 14:18:32.296, 35, 0 %, 0 %, 16280 MiB, 16280 MiB, 0 MiB
2019/03/28 14:18:33.297, 35, 0 %, 0 %, 16280 MiB, 16280 MiB, 0 MiB
2019/03/28 14:18:34.302, 35, 0 %, 0 %, 16280 MiB, 16280 MiB, 0 MiB
2019/03/28 14:18:35.303, 35, 0 %, 0 %, 16280 MiB, 16280 MiB, 0 MiB
2019/03/28 14:18:36.304, 35, 0 %, 0 %, 16280 MiB, 16280 MiB, 0 MiB
2019/03/28 14:18:37.305, 35, 0 %, 0 %, 16280 MiB, 16280 MiB, 0 MiB
2019/03/28 14:18:38.306, 35, 0 %, 0 %, 16280 MiB, 16280 MiB, 0 MiB
2019/03/28 14:18:39.308, 35, 0 %, 0 %, 16280 MiB, 16280 MiB, 0 MiB
2019/03/28 14:18:40.309, 35, 0 %, 0 %, 16280 MiB, 16280 MiB, 0 MiB
2019/03/28 14:18:41.310, 35, 0 %, 0 %, 16280 MiB, 16280 MiB, 0 MiB
2019/03/28 14:18:42.311, 35, 0 %, 0 %, 16280 MiB, 16280 MiB, 0 MiB
2019/03/28 14:18:43.312, 35, 0 %, 0 %, 16280 MiB, 16280 MiB, 0 MiB
2019/03/28 14:18:44.324, 35, 0 %, 0 %, 16280 MiB, 16280 MiB, 0 MiB
2019/03/28 14:18:45.325, 35, 0 %, 0 %, 16280 MiB, 16280 MiB, 0 MiB
2019/03/28 14:18:46.326, 35, 0 %, 0 %, 16280 MiB, 16280 MiB, 0 MiB
2019/03/28 14:18:47.327, 35, 0 %, 0 %, 16280 MiB, 16280 MiB, 0 MiB
2019/03/28 14:18:48.328, 35, 0 %, 0 %, 16280 MiB, 16280 MiB, 0 MiB
2019/03/28 14:18:49.331, 35, 0 %, 0 %, 16280 MiB, 16280 MiB, 0 MiB
2019/03/28 14:18:50.332, 35, 0 %, 0 %, 16280 MiB, 16280 MiB, 0 MiB
2019/03/28 14:18:51.333, 35, 0 %, 0 %, 16280 MiB, 16280 MiB, 0 MiB
2019/03/28 14:18:52.334, 35, 0 %, 0 %, 16280 MiB, 16280 MiB, 0 MiB
2019/03/28 14:18:53.335, 35, 0 %, 0 %, 16280 MiB, 16280 MiB, 0 MiB
2019/03/28 14:18:54.336, 35, 0 %, 0 %, 16280 MiB, 16280 MiB, 0 MiB
2019/03/28 14:18:55.337, 35, 0 %, 0 %, 16280 MiB, 16280 MiB, 0 MiB
2019/03/28 14:18:56.338, 35, 0 %, 0 %, 16280 MiB, 16280 MiB, 0 MiB
2019/03/28 14:18:57.339, 35, 0 %, 0 %, 16280 MiB, 16280 MiB, 0 MiB
2019/03/28 14:18:58.340, 35, 0 %, 0 %, 16280 MiB, 16280 MiB, 0 MiB
2019/03/28 14:18:59.354, 35, 0 %, 0 %, 16280 MiB, 16280 MiB, 0 MiB
2019/03/28 14:19:00.355, 35, 0 %, 0 %, 16280 MiB, 16280 MiB, 0 MiB
2019/03/28 14:19:01.356, 35, 0 %, 0 %, 16280 MiB, 16280 MiB, 0 MiB
2019/03/28 14:19:02.357, 35, 0 %, 0 %, 16280 MiB, 16280 MiB, 0 MiB
2019/03/28 14:19:03.358, 35, 0 %, 0 %, 16280 MiB, 16280 MiB, 0 MiB
2019/03/28 14:19:04.441, 35, 0 %, 0 %, 16280 MiB, 16280 MiB, 0 MiB
2019/03/28 14:19:05.442, 35, 0 %, 0 %, 16280 MiB, 16280 MiB, 0 MiB
2019/03/28 14:19:06.443, 35, 0 %, 0 %, 16280 MiB, 16280 MiB, 0 MiB
2019/03/28 14:19:07.444, 35, 0 %, 0 %, 16280 MiB, 16280 MiB, 0 MiB
2019/03/28 14:19:08.445, 35, 0 %, 0 %, 16280 MiB, 16280 MiB, 0 MiB
2019/03/28 14:19:09.446, 35, 0 %, 0 %, 16280 MiB, 16280 MiB, 0 MiB
2019/03/28 14:19:10.447, 35, 0 %, 0 %, 16280 MiB, 16280 MiB, 0 MiB
2019/03/28 14:19:11.448, 35, 0 %, 0 %, 16280 MiB, 16280 MiB, 0 MiB
2019/03/28 14:19:12.449, 35, 0 %, 0 %, 16280 MiB, 16280 MiB, 0 MiB
2019/03/28 14:19:13.450, 35, 0 %, 0 %, 16280 MiB, 16280 MiB, 0 MiB
2019/03/28 14:19:14.451, 35, 0 %, 0 %, 16280 MiB, 16280 MiB, 0 MiB
2019/03/28 14:19:15.452, 35, 0 %, 0 %, 16280 MiB, 16280 MiB, 0 MiB
2019/03/28 14:19:16.453, 35, 0 %, 0 %, 16280 MiB, 16280 MiB, 0 MiB
2019/03/28 14:19:17.454, 35, 0 %, 0 %, 16280 MiB, 16280 MiB, 0 MiB
2019/03/28 14:19:18.455, 35, 0 %, 0 %, 16280 MiB, 16280 MiB, 0 MiB
2019/03/28 14:19:19.513, 35, 0 %, 0 %, 16280 MiB, 16280 MiB, 0 MiB
2019/03/28 14:19:20.514, 35, 0 %, 0 %, 16280 MiB, 16280 MiB, 0 MiB
2019/03/28 14:19:21.515, 35, 0 %, 0 %, 16280 MiB, 16280 MiB, 0 MiB
2019/03/28 14:19:22.516, 35, 0 %, 0 %, 16280 MiB, 16280 MiB, 0 MiB
2019/03/28 14:19:23.517, 35, 0 %, 0 %, 16280 MiB, 16280 MiB, 0 MiB
2019/03/28 14:19:24.518, 35, 0 %, 0 %, 16280 MiB, 16280 MiB, 0 MiB
2019/03/28 14:19:25.519, 35, 0 %, 0 %, 16280 MiB, 16280 MiB, 0 MiB
2019/03/28 14:19:26.520, 35, 0 %, 0 %, 16280 MiB, 16280 MiB, 0 MiB
2019/03/28 14:19:27.521, 35, 0 %, 0 %, 16280 MiB, 16280 MiB, 0 MiB
2019/03/28 14:19:28.522, 35, 0 %, 0 %, 16280 MiB, 16280 MiB, 0 MiB
2019/03/28 14:19:29.617, 35, 0 %, 0 %, 16280 MiB, 16280 MiB, 0 MiB
2019/03/28 14:19:30.618, 35, 0 %, 0 %, 16280 MiB, 16280 MiB, 0 MiB
2019/03/28 14:19:31.618, 35, 0 %, 0 %, 16280 MiB, 16280 MiB, 0 MiB
2019/03/28 14:19:32.619, 35, 0 %, 0 %, 16280 MiB, 16280 MiB, 0 MiB
2019/03/28 14:19:33.620, 35, 0 %, 0 %, 16280 MiB, 16280 MiB, 0 MiB
2019/03/28 14:19:34.621, 35, 0 %, 0 %, 16280 MiB, 16280 MiB, 0 MiB
2019/03/28 14:19:35.622, 35, 0 %, 0 %, 16280 MiB, 16280 MiB, 0 MiB
2019/03/28 14:19:36.623, 35, 0 %, 0 %, 16280 MiB, 16280 MiB, 0 MiB
2019/03/28 14:19:37.624, 35, 0 %, 0 %, 16280 MiB, 16280 MiB, 0 MiB
2019/03/28 14:19:38.625, 35, 0 %, 0 %, 16280 MiB, 16280 MiB, 0 MiB
2019/03/28 14:19:39.727, 35, 0 %, 0 %, 16280 MiB, 16280 MiB, 0 MiB
2019/03/28 14:19:40.728, 35, 0 %, 0 %, 16280 MiB, 16280 MiB, 0 MiB
2019/03/28 14:19:41.729, 35, 0 %, 0 %, 16280 MiB, 16280 MiB, 0 MiB
2019/03/28 14:19:42.730, 35, 0 %, 0 %, 16280 MiB, 16280 MiB, 0 MiB
2019/03/28 14:19:43.731, 35, 0 %, 0 %, 16280 MiB, 16280 MiB, 0 MiB
2019/03/28 14:19:44.732, 35, 0 %, 0 %, 16280 MiB, 16280 MiB, 0 MiB
2019/03/28 14:19:45.733, 35, 0 %, 0 %, 16280 MiB, 16280 MiB, 0 MiB
2019/03/28 14:19:46.734, 35, 0 %, 0 %, 16280 MiB, 16280 MiB, 0 MiB
2019/03/28 14:19:47.735, 35, 0 %, 0 %, 16280 MiB, 16280 MiB, 0 MiB
2019/03/28 14:19:48.736, 35, 0 %, 0 %, 16280 MiB, 16280 MiB, 0 MiB
2019/03/28 14:19:49.763, 35, 0 %, 0 %, 16280 MiB, 16280 MiB, 0 MiB
2019/03/28 14:19:50.764, 35, 0 %, 0 %, 16280 MiB, 16280 MiB, 0 MiB
2019/03/28 14:19:51.765, 35, 0 %, 0 %, 16280 MiB, 16280 MiB, 0 MiB
2019/03/28 14:19:52.766, 35, 0 %, 0 %, 16280 MiB, 16280 MiB, 0 MiB
2019/03/28 14:19:53.767, 35, 0 %, 0 %, 16280 MiB, 16280 MiB, 0 MiB
2019/03/28 14:19:54.778, 35, 0 %, 0 %, 16280 MiB, 16280 MiB, 0 MiB
2019/03/28 14:19:55.779, 35, 0 %, 0 %, 16280 MiB, 16280 MiB, 0 MiB
2019/03/28 14:19:56.780, 35, 0 %, 0 %, 16280 MiB, 16280 MiB, 0 MiB
2019/03/28 14:19:57.781, 35, 0 %, 0 %, 16280 MiB, 16280 MiB, 0 MiB
2019/03/28 14:19:58.782, 35, 0 %, 0 %, 16280 MiB, 16280 MiB, 0 MiB
2019/03/28 14:19:59.783, 35, 0 %, 0 %, 16280 MiB, 16280 MiB, 0 MiB
2019/03/28 14:20:00.784, 35, 0 %, 0 %, 16280 MiB, 16280 MiB, 0 MiB
2019/03/28 14:20:01.785, 35, 0 %, 0 %, 16280 MiB, 16280 MiB, 0 MiB
2019/03/28 14:20:02.786, 35, 0 %, 0 %, 16280 MiB, 16280 MiB, 0 MiB
2019/03/28 14:20:03.787, 35, 0 %, 0 %, 16280 MiB, 16280 MiB, 0 MiB
2019/03/28 14:20:04.788, 35, 0 %, 0 %, 16280 MiB, 16280 MiB, 0 MiB
2019/03/28 14:20:05.789, 35, 0 %, 0 %, 16280 MiB, 16280 MiB, 0 MiB
2019/03/28 14:20:06.790, 35, 0 %, 0 %, 16280 MiB, 16280 MiB, 0 MiB
2019/03/28 14:20:07.791, 35, 0 %, 0 %, 16280 MiB, 16280 MiB, 0 MiB
2019/03/28 14:20:08.792, 35, 0 %, 0 %, 16280 MiB, 16280 MiB, 0 MiB
2019/03/28 14:20:09.793, 35, 0 %, 0 %, 16280 MiB, 16280 MiB, 0 MiB
2019/03/28 14:20:10.794, 35, 0 %, 0 %, 16280 MiB, 16280 MiB, 0 MiB
2019/03/28 14:20:11.795, 35, 0 %, 0 %, 16280 MiB, 16280 MiB, 0 MiB
2019/03/28 14:20:12.796, 35, 0 %, 0 %, 16280 MiB, 16280 MiB, 0 MiB
2019/03/28 14:20:13.797, 35, 0 %, 0 %, 16280 MiB, 16280 MiB, 0 MiB
2019/03/28 14:20:14.798, 35, 0 %, 0 %, 16280 MiB, 16280 MiB, 0 MiB
2019/03/28 14:20:15.799, 35, 0 %, 0 %, 16280 MiB, 16280 MiB, 0 MiB
2019/03/28 14:20:16.800, 35, 0 %, 0 %, 16280 MiB, 16280 MiB, 0 MiB
2019/03/28 14:20:17.801, 35, 0 %, 0 %, 16280 MiB, 16280 MiB, 0 MiB
2019/03/28 14:20:18.802, 35, 0 %, 0 %, 16280 MiB, 16280 MiB, 0 MiB
2019/03/28 14:20:19.803, 35, 0 %, 0 %, 16280 MiB, 16280 MiB, 0 MiB
2019/03/28 14:20:20.804, 35, 0 %, 0 %, 16280 MiB, 16280 MiB, 0 MiB
2019/03/28 14:20:21.805, 35, 0 %, 0 %, 16280 MiB, 16280 MiB, 0 MiB
2019/03/28 14:20:22.806, 35, 0 %, 0 %, 16280 MiB, 16280 MiB, 0 MiB
2019/03/28 14:20:23.807, 35, 0 %, 0 %, 16280 MiB, 16280 MiB, 0 MiB
2019/03/28 14:20:24.808, 35, 0 %, 0 %, 16280 MiB, 16280 MiB, 0 MiB
2019/03/28 14:20:25.809, 35, 0 %, 0 %, 16280 MiB, 16280 MiB, 0 MiB
2019/03/28 14:20:26.810, 35, 0 %, 0 %, 16280 MiB, 16280 MiB, 0 MiB
2019/03/28 14:20:27.811, 35, 0 %, 0 %, 16280 MiB, 16280 MiB, 0 MiB
2019/03/28 14:20:28.812, 35, 0 %, 0 %, 16280 MiB, 16280 MiB, 0 MiB
2019/03/28 14:20:29.813, 35, 0 %, 0 %, 16280 MiB, 16280 MiB, 0 MiB
2019/03/28 14:20:30.814, 35, 0 %, 0 %, 16280 MiB, 16280 MiB, 0 MiB
2019/03/28 14:20:31.815, 35, 0 %, 0 %, 16280 MiB, 16280 MiB, 0 MiB
2019/03/28 14:20:32.816, 35, 0 %, 0 %, 16280 MiB, 16280 MiB, 0 MiB
2019/03/28 14:20:33.817, 35, 0 %, 0 %, 16280 MiB, 16280 MiB, 0 MiB
2019/03/28 14:20:34.854, 35, 0 %, 0 %, 16280 MiB, 16280 MiB, 0 MiB
2019/03/28 14:20:35.855, 35, 0 %, 0 %, 16280 MiB, 16280 MiB, 0 MiB
2019/03/28 14:20:36.856, 35, 0 %, 0 %, 16280 MiB, 16280 MiB, 0 MiB
2019/03/28 14:20:37.857, 35, 0 %, 0 %, 16280 MiB, 16280 MiB, 0 MiB
2019/03/28 14:20:38.858, 35, 0 %, 0 %, 16280 MiB, 16280 MiB, 0 MiB
2019/03/28 14:20:40.000, 35, 0 %, 0 %, 16280 MiB, 16280 MiB, 0 MiB
2019/03/28 14:20:41.001, 35, 0 %, 0 %, 16280 MiB, 16280 MiB, 0 MiB
2019/03/28 14:20:42.002, 35, 0 %, 0 %, 16280 MiB, 16280 MiB, 0 MiB
2019/03/28 14:20:43.003, 35, 0 %, 0 %, 16280 MiB, 16280 MiB, 0 MiB
2019/03/28 14:20:44.004, 35, 0 %, 0 %, 16280 MiB, 16280 MiB, 0 MiB
2019/03/28 14:20:45.412, 35, 0 %, 0 %, 16280 MiB, 16280 MiB, 0 MiB
2019/03/28 14:20:46.413, 35, 0 %, 0 %, 16280 MiB, 16280 MiB, 0 MiB
2019/03/28 14:20:47.414, 35, 0 %, 0 %, 16280 MiB, 16280 MiB, 0 MiB
2019/03/28 14:20:48.415, 35, 0 %, 0 %, 16280 MiB, 16280 MiB, 0 MiB
2019/03/28 14:20:49.416, 35, 0 %, 0 %, 16280 MiB, 16280 MiB, 0 MiB
2019/03/28 14:20:50.424, 35, 0 %, 0 %, 16280 MiB, 16280 MiB, 0 MiB
2019/03/28 14:20:51.425, 35, 0 %, 0 %, 16280 MiB, 16280 MiB, 0 MiB
2019/03/28 14:20:52.426, 35, 0 %, 0 %, 16280 MiB, 16280 MiB, 0 MiB
2019/03/28 14:20:53.427, 35, 0 %, 0 %, 16280 MiB, 16280 MiB, 0 MiB
2019/03/28 14:20:54.428, 35, 0 %, 0 %, 16280 MiB, 16280 MiB, 0 MiB
2019/03/28 14:20:55.429, 35, 0 %, 0 %, 16280 MiB, 16280 MiB, 0 MiB
2019/03/28 14:20:56.430, 35, 0 %, 0 %, 16280 MiB, 16280 MiB, 0 MiB
2019/03/28 14:20:57.431, 35, 0 %, 0 %, 16280 MiB, 16280 MiB, 0 MiB
2019/03/28 14:20:58.432, 35, 0 %, 0 %, 16280 MiB, 16280 MiB, 0 MiB
2019/03/28 14:20:59.433, 35, 0 %, 0 %, 16280 MiB, 16280 MiB, 0 MiB
2019/03/28 14:21:00.542, 35, 0 %, 0 %, 16280 MiB, 16280 MiB, 0 MiB
2019/03/28 14:21:01.543, 35, 0 %, 0 %, 16280 MiB, 16280 MiB, 0 MiB
2019/03/28 14:21:02.544, 35, 0 %, 0 %, 16280 MiB, 16280 MiB, 0 MiB
2019/03/28 14:21:03.545, 35, 0 %, 0 %, 16280 MiB, 16280 MiB, 0 MiB
2019/03/28 14:21:04.546, 35, 0 %, 0 %, 16280 MiB, 16280 MiB, 0 MiB
2019/03/28 14:21:05.547, 35, 0 %, 0 %, 16280 MiB, 16280 MiB, 0 MiB
2019/03/28 14:21:06.548, 35, 0 %, 0 %, 16280 MiB, 16280 MiB, 0 MiB
2019/03/28 14:21:07.549, 35, 0 %, 0 %, 16280 MiB, 16280 MiB, 0 MiB
2019/03/28 14:21:08.550, 35, 0 %, 0 %, 16280 MiB, 16280 MiB, 0 MiB
2019/03/28 14:21:09.551, 35, 0 %, 0 %, 16280 MiB, 16280 MiB, 0 MiB
2019/03/28 14:21:10.552, 35, 0 %, 0 %, 16280 MiB, 16280 MiB, 0 MiB
2019/03/28 14:21:11.553, 35, 0 %, 0 %, 16280 MiB, 16280 MiB, 0 MiB
2019/03/28 14:21:12.554, 35, 0 %, 0 %, 16280 MiB, 16280 MiB, 0 MiB
2019/03/28 14:21:13.555, 35, 0 %, 0 %, 16280 MiB, 16280 MiB, 0 MiB
2019/03/28 14:21:14.556, 35, 0 %, 0 %, 16280 MiB, 16280 MiB, 0 MiB
2019/03/28 14:21:15.557, 35, 0 %, 0 %, 16280 MiB, 16280 MiB, 0 MiB
2019/03/28 14:21:16.558, 35, 0 %, 0 %, 16280 MiB, 16280 MiB, 0 MiB
2019/03/28 14:21:17.559, 35, 0 %, 0 %, 16280 MiB, 16280 MiB, 0 MiB
2019/03/28 14:21:18.560, 35, 0 %, 0 %, 16280 MiB, 16280 MiB, 0 MiB
2019/03/28 14:21:19.561, 35, 0 %, 0 %, 16280 MiB, 16280 MiB, 0 MiB
2019/03/28 14:21:20.562, 35, 0 %, 0 %, 16280 MiB, 16280 MiB, 0 MiB
2019/03/28 14:21:21.563, 35, 0 %, 0 %, 16280 MiB, 16280 MiB, 0 MiB
2019/03/28 14:21:22.564, 35, 0 %, 0 %, 16280 MiB, 16280 MiB, 0 MiB
2019/03/28 14:21:23.564, 35, 0 %, 0 %, 16280 MiB, 16280 MiB, 0 MiB
2019/03/28 14:21:24.565, 35, 0 %, 0 %, 16280 MiB, 16280 MiB, 0 MiB
2019/03/28 14:21:25.640, 35, 0 %, 0 %, 16280 MiB, 16280 MiB, 0 MiB
2019/03/28 14:21:26.641, 35, 0 %, 0 %, 16280 MiB, 16280 MiB, 0 MiB
2019/03/28 14:21:27.641, 35, 0 %, 0 %, 16280 MiB, 16280 MiB, 0 MiB
2019/03/28 14:21:28.642, 35, 0 %, 0 %, 16280 MiB, 16280 MiB, 0 MiB
2019/03/28 14:21:29.643, 35, 0 %, 0 %, 16280 MiB, 16280 MiB, 0 MiB
2019/03/28 14:21:30.644, 35, 0 %, 0 %, 16280 MiB, 16280 MiB, 0 MiB
2019/03/28 14:21:31.645, 35, 0 %, 0 %, 16280 MiB, 16280 MiB, 0 MiB
2019/03/28 14:21:32.646, 35, 0 %, 0 %, 16280 MiB, 16280 MiB, 0 MiB
2019/03/28 14:21:33.647, 35, 0 %, 0 %, 16280 MiB, 16280 MiB, 0 MiB
2019/03/28 14:21:34.648, 35, 0 %, 0 %, 16280 MiB, 16280 MiB, 0 MiB
2019/03/28 14:21:35.664, 35, 0 %, 0 %, 16280 MiB, 16280 MiB, 0 MiB
2019/03/28 14:21:36.665, 35, 0 %, 0 %, 16280 MiB, 16280 MiB, 0 MiB
2019/03/28 14:21:37.666, 35, 0 %, 0 %, 16280 MiB, 16280 MiB, 0 MiB
2019/03/28 14:21:38.667, 35, 0 %, 0 %, 16280 MiB, 16280 MiB, 0 MiB
2019/03/28 14:21:39.668, 35, 0 %, 0 %, 16280 MiB, 16280 MiB, 0 MiB
2019/03/28 14:21:40.669, 35, 0 %, 0 %, 16280 MiB, 16280 MiB, 0 MiB
2019/03/28 14:21:41.670, 35, 0 %, 0 %, 16280 MiB, 16280 MiB, 0 MiB
2019/03/28 14:21:42.671, 35, 0 %, 0 %, 16280 MiB, 16280 MiB, 0 MiB
2019/03/28 14:21:43.672, 35, 0 %, 0 %, 16280 MiB, 16280 MiB, 0 MiB
2019/03/28 14:21:44.673, 35, 0 %, 0 %, 16280 MiB, 16280 MiB, 0 MiB
2019/03/28 14:21:45.674, 35, 0 %, 0 %, 16280 MiB, 16280 MiB, 0 MiB
2019/03/28 14:21:46.675, 35, 0 %, 0 %, 16280 MiB, 16280 MiB, 0 MiB
2019/03/28 14:21:47.676, 35, 0 %, 0 %, 16280 MiB, 16280 MiB, 0 MiB
2019/03/28 14:21:48.677, 35, 0 %, 0 %, 16280 MiB, 16280 MiB, 0 MiB
2019/03/28 14:21:49.678, 35, 0 %, 0 %, 16280 MiB, 16280 MiB, 0 MiB
2019/03/28 14:21:50.704, 35, 0 %, 0 %, 16280 MiB, 16280 MiB, 0 MiB
2019/03/28 14:21:51.705, 35, 0 %, 0 %, 16280 MiB, 16280 MiB, 0 MiB
2019/03/28 14:21:52.706, 35, 0 %, 0 %, 16280 MiB, 16280 MiB, 0 MiB
2019/03/28 14:21:53.707, 35, 0 %, 0 %, 16280 MiB, 16280 MiB, 0 MiB
2019/03/28 14:21:54.708, 35, 0 %, 0 %, 16280 MiB, 16280 MiB, 0 MiB
2019/03/28 14:21:55.709, 35, 0 %, 0 %, 16280 MiB, 16280 MiB, 0 MiB
2019/03/28 14:21:56.710, 35, 0 %, 0 %, 16280 MiB, 16280 MiB, 0 MiB
2019/03/28 14:21:57.711, 35, 0 %, 0 %, 16280 MiB, 16280 MiB, 0 MiB
2019/03/28 14:21:58.712, 35, 0 %, 0 %, 16280 MiB, 16280 MiB, 0 MiB
2019/03/28 14:21:59.713, 35, 0 %, 0 %, 16280 MiB, 16280 MiB, 0 MiB
2019/03/28 14:22:00.774, 35, 0 %, 0 %, 16280 MiB, 16280 MiB, 0 MiB
2019/03/28 14:22:01.775, 35, 0 %, 0 %, 16280 MiB, 16280 MiB, 0 MiB
2019/03/28 14:22:02.776, 35, 0 %, 0 %, 16280 MiB, 16280 MiB, 0 MiB
2019/03/28 14:22:03.777, 35, 0 %, 0 %, 16280 MiB, 16280 MiB, 0 MiB
2019/03/28 14:22:04.778, 35, 0 %, 0 %, 16280 MiB, 16280 MiB, 0 MiB
2019/03/28 14:22:05.833, 35, 0 %, 0 %, 16280 MiB, 16280 MiB, 0 MiB
2019/03/28 14:22:06.834, 35, 0 %, 0 %, 16280 MiB, 16280 MiB, 0 MiB
2019/03/28 14:22:07.835, 35, 0 %, 0 %, 16280 MiB, 16280 MiB, 0 MiB
2019/03/28 14:22:08.836, 35, 0 %, 0 %, 16280 MiB, 16280 MiB, 0 MiB
2019/03/28 14:22:09.837, 35, 0 %, 0 %, 16280 MiB, 16280 MiB, 0 MiB
2019/03/28 14:22:10.838, 35, 0 %, 0 %, 16280 MiB, 16280 MiB, 0 MiB
2019/03/28 14:22:11.839, 35, 0 %, 0 %, 16280 MiB, 16280 MiB, 0 MiB
2019/03/28 14:22:12.840, 35, 0 %, 0 %, 16280 MiB, 16280 MiB, 0 MiB
2019/03/28 14:22:13.841, 35, 0 %, 0 %, 16280 MiB, 16280 MiB, 0 MiB
2019/03/28 14:22:14.842, 35, 0 %, 0 %, 16280 MiB, 16280 MiB, 0 MiB
2019/03/28 14:22:15.915, 35, 0 %, 0 %, 16280 MiB, 16280 MiB, 0 MiB
2019/03/28 14:22:16.916, 35, 0 %, 0 %, 16280 MiB, 16280 MiB, 0 MiB
2019/03/28 14:22:17.917, 35, 0 %, 0 %, 16280 MiB, 16280 MiB, 0 MiB
2019/03/28 14:22:18.918, 35, 0 %, 0 %, 16280 MiB, 16280 MiB, 0 MiB
2019/03/28 14:22:19.919, 35, 0 %, 0 %, 16280 MiB, 16280 MiB, 0 MiB
2019/03/28 14:22:20.920, 35, 0 %, 0 %, 16280 MiB, 16280 MiB, 0 MiB
2019/03/28 14:22:21.921, 35, 0 %, 0 %, 16280 MiB, 16280 MiB, 0 MiB
2019/03/28 14:22:22.922, 35, 0 %, 0 %, 16280 MiB, 16280 MiB, 0 MiB
2019/03/28 14:22:23.923, 35, 0 %, 0 %, 16280 MiB, 16280 MiB, 0 MiB
2019/03/28 14:22:24.924, 35, 0 %, 0 %, 16280 MiB, 16280 MiB, 0 MiB
2019/03/28 14:22:25.925, 35, 0 %, 0 %, 16280 MiB, 16280 MiB, 0 MiB
2019/03/28 14:22:26.926, 35, 0 %, 0 %, 16280 MiB, 16280 MiB, 0 MiB
2019/03/28 14:22:27.927, 35, 0 %, 0 %, 16280 MiB, 16280 MiB, 0 MiB
2019/03/28 14:22:28.928, 35, 0 %, 0 %, 16280 MiB, 16280 MiB, 0 MiB
2019/03/28 14:22:29.929, 35, 0 %, 0 %, 16280 MiB, 16280 MiB, 0 MiB
2019/03/28 14:22:30.930, 35, 0 %, 0 %, 16280 MiB, 16280 MiB, 0 MiB
2019/03/28 14:22:31.931, 35, 0 %, 0 %, 16280 MiB, 16280 MiB, 0 MiB
2019/03/28 14:22:32.932, 35, 0 %, 0 %, 16280 MiB, 16280 MiB, 0 MiB
2019/03/28 14:22:33.933, 35, 0 %, 0 %, 16280 MiB, 16280 MiB, 0 MiB
2019/03/28 14:22:34.934, 35, 0 %, 0 %, 16280 MiB, 16280 MiB, 0 MiB
2019/03/28 14:22:35.935, 35, 0 %, 0 %, 16280 MiB, 16280 MiB, 0 MiB
2019/03/28 14:22:36.936, 35, 0 %, 0 %, 16280 MiB, 16280 MiB, 0 MiB
2019/03/28 14:22:37.937, 35, 0 %, 0 %, 16280 MiB, 16280 MiB, 0 MiB
2019/03/28 14:22:38.938, 35, 0 %, 0 %, 16280 MiB, 16280 MiB, 0 MiB
2019/03/28 14:22:39.939, 35, 0 %, 0 %, 16280 MiB, 16280 MiB, 0 MiB
2019/03/28 14:22:40.940, 35, 0 %, 0 %, 16280 MiB, 16280 MiB, 0 MiB
2019/03/28 14:22:41.941, 35, 0 %, 0 %, 16280 MiB, 16280 MiB, 0 MiB
2019/03/28 14:22:42.942, 35, 0 %, 0 %, 16280 MiB, 16280 MiB, 0 MiB
2019/03/28 14:22:43.943, 35, 0 %, 0 %, 16280 MiB, 16280 MiB, 0 MiB
2019/03/28 14:22:44.944, 35, 0 %, 0 %, 16280 MiB, 16280 MiB, 0 MiB
2019/03/28 14:22:45.945, 35, 0 %, 0 %, 16280 MiB, 16280 MiB, 0 MiB
2019/03/28 14:22:46.946, 35, 0 %, 0 %, 16280 MiB, 16280 MiB, 0 MiB
2019/03/28 14:22:47.947, 35, 0 %, 0 %, 16280 MiB, 16280 MiB, 0 MiB
2019/03/28 14:22:48.948, 35, 0 %, 0 %, 16280 MiB, 16280 MiB, 0 MiB
2019/03/28 14:22:49.949, 35, 0 %, 0 %, 16280 MiB, 16280 MiB, 0 MiB
2019/03/28 14:22:50.950, 35, 0 %, 0 %, 16280 MiB, 16280 MiB, 0 MiB
2019/03/28 14:22:51.951, 35, 0 %, 0 %, 16280 MiB, 16280 MiB, 0 MiB
2019/03/28 14:22:52.952, 35, 0 %, 0 %, 16280 MiB, 16280 MiB, 0 MiB
2019/03/28 14:22:53.953, 35, 0 %, 0 %, 16280 MiB, 16280 MiB, 0 MiB
2019/03/28 14:22:54.954, 35, 0 %, 0 %, 16280 MiB, 16280 MiB, 0 MiB
2019/03/28 14:22:55.955, 35, 0 %, 0 %, 16280 MiB, 16280 MiB, 0 MiB
2019/03/28 14:22:56.956, 35, 0 %, 0 %, 16280 MiB, 16280 MiB, 0 MiB
2019/03/28 14:22:57.957, 35, 0 %, 0 %, 16280 MiB, 16280 MiB, 0 MiB
2019/03/28 14:22:58.958, 35, 0 %, 0 %, 16280 MiB, 16280 MiB, 0 MiB
2019/03/28 14:22:59.959, 35, 0 %, 0 %, 16280 MiB, 16280 MiB, 0 MiB
2019/03/28 14:23:01.088, 35, 0 %, 0 %, 16280 MiB, 16280 MiB, 0 MiB
2019/03/28 14:23:02.089, 35, 0 %, 0 %, 16280 MiB, 16280 MiB, 0 MiB
2019/03/28 14:23:03.090, 35, 0 %, 0 %, 16280 MiB, 16280 MiB, 0 MiB
2019/03/28 14:23:04.091, 35, 0 %, 0 %, 16280 MiB, 16280 MiB, 0 MiB
2019/03/28 14:23:05.092, 35, 0 %, 0 %, 16280 MiB, 16280 MiB, 0 MiB
2019/03/28 14:23:06.137, 35, 0 %, 0 %, 16280 MiB, 16280 MiB, 0 MiB
2019/03/28 14:23:07.138, 35, 0 %, 0 %, 16280 MiB, 16280 MiB, 0 MiB
2019/03/28 14:23:08.139, 35, 0 %, 0 %, 16280 MiB, 16280 MiB, 0 MiB
2019/03/28 14:23:09.140, 35, 0 %, 0 %, 16280 MiB, 16280 MiB, 0 MiB
2019/03/28 14:23:10.141, 35, 0 %, 0 %, 16280 MiB, 16280 MiB, 0 MiB
2019/03/28 14:23:11.167, 35, 0 %, 0 %, 16280 MiB, 16280 MiB, 0 MiB
2019/03/28 14:23:12.168, 35, 0 %, 0 %, 16280 MiB, 16280 MiB, 0 MiB
2019/03/28 14:23:13.169, 35, 0 %, 0 %, 16280 MiB, 16280 MiB, 0 MiB
2019/03/28 14:23:14.170, 35, 0 %, 0 %, 16280 MiB, 16280 MiB, 0 MiB
2019/03/28 14:23:15.171, 35, 0 %, 0 %, 16280 MiB, 16280 MiB, 0 MiB
2019/03/28 14:23:16.172, 35, 0 %, 0 %, 16280 MiB, 16280 MiB, 0 MiB
2019/03/28 14:23:17.173, 35, 0 %, 0 %, 16280 MiB, 16280 MiB, 0 MiB
2019/03/28 14:23:18.174, 35, 0 %, 0 %, 16280 MiB, 16280 MiB, 0 MiB
2019/03/28 14:23:19.175, 35, 0 %, 0 %, 16280 MiB, 16280 MiB, 0 MiB
2019/03/28 14:23:20.176, 35, 0 %, 0 %, 16280 MiB, 16280 MiB, 0 MiB
2019/03/28 14:23:21.177, 35, 0 %, 0 %, 16280 MiB, 16280 MiB, 0 MiB
2019/03/28 14:23:22.178, 35, 0 %, 0 %, 16280 MiB, 16280 MiB, 0 MiB
2019/03/28 14:23:23.179, 35, 0 %, 0 %, 16280 MiB, 16280 MiB, 0 MiB
2019/03/28 14:23:24.180, 35, 0 %, 0 %, 16280 MiB, 16280 MiB, 0 MiB
2019/03/28 14:23:25.181, 35, 0 %, 0 %, 16280 MiB, 16280 MiB, 0 MiB
2019/03/28 14:23:26.182, 35, 0 %, 0 %, 16280 MiB, 16280 MiB, 0 MiB
2019/03/28 14:23:27.183, 35, 0 %, 0 %, 16280 MiB, 16280 MiB, 0 MiB
2019/03/28 14:23:28.184, 35, 0 %, 0 %, 16280 MiB, 16280 MiB, 0 MiB
2019/03/28 14:23:29.185, 35, 0 %, 0 %, 16280 MiB, 16280 MiB, 0 MiB
2019/03/28 14:23:30.186, 35, 0 %, 0 %, 16280 MiB, 16280 MiB, 0 MiB
2019/03/28 14:23:31.187, 35, 0 %, 0 %, 16280 MiB, 16280 MiB, 0 MiB
2019/03/28 14:23:32.188, 35, 0 %, 0 %, 16280 MiB, 16280 MiB, 0 MiB
2019/03/28 14:23:33.189, 35, 0 %, 0 %, 16280 MiB, 16280 MiB, 0 MiB
2019/03/28 14:23:34.190, 35, 0 %, 0 %, 16280 MiB, 16280 MiB, 0 MiB
2019/03/28 14:23:35.191, 35, 0 %, 0 %, 16280 MiB, 16280 MiB, 0 MiB
2019/03/28 14:23:36.192, 35, 0 %, 0 %, 16280 MiB, 16280 MiB, 0 MiB
2019/03/28 14:23:37.193, 35, 0 %, 0 %, 16280 MiB, 16280 MiB, 0 MiB
2019/03/28 14:23:38.193, 35, 0 %, 0 %, 16280 MiB, 16280 MiB, 0 MiB
2019/03/28 14:23:39.194, 35, 0 %, 0 %, 16280 MiB, 16280 MiB, 0 MiB
2019/03/28 14:23:40.195, 35, 0 %, 0 %, 16280 MiB, 16280 MiB, 0 MiB
2019/03/28 14:23:41.196, 35, 0 %, 0 %, 16280 MiB, 16280 MiB, 0 MiB
2019/03/28 14:23:42.197, 35, 0 %, 0 %, 16280 MiB, 16280 MiB, 0 MiB
2019/03/28 14:23:43.198, 35, 0 %, 0 %, 16280 MiB, 16280 MiB, 0 MiB
2019/03/28 14:23:44.199, 35, 0 %, 0 %, 16280 MiB, 16280 MiB, 0 MiB
2019/03/28 14:23:45.200, 35, 0 %, 0 %, 16280 MiB, 16280 MiB, 0 MiB
2019/03/28 14:23:46.201, 35, 0 %, 0 %, 16280 MiB, 16280 MiB, 0 MiB
2019/03/28 14:23:47.202, 35, 0 %, 0 %, 16280 MiB, 16280 MiB, 0 MiB
2019/03/28 14:23:48.203, 35, 0 %, 0 %, 16280 MiB, 16280 MiB, 0 MiB
2019/03/28 14:23:49.204, 35, 0 %, 0 %, 16280 MiB, 16280 MiB, 0 MiB
2019/03/28 14:23:50.205, 35, 0 %, 0 %, 16280 MiB, 16280 MiB, 0 MiB
2019/03/28 14:23:51.206, 35, 0 %, 0 %, 16280 MiB, 16280 MiB, 0 MiB
2019/03/28 14:23:52.207, 35, 0 %, 0 %, 16280 MiB, 16280 MiB, 0 MiB
2019/03/28 14:23:53.208, 35, 0 %, 0 %, 16280 MiB, 16280 MiB, 0 MiB
2019/03/28 14:23:54.209, 35, 0 %, 0 %, 16280 MiB, 16280 MiB, 0 MiB
2019/03/28 14:23:55.210, 35, 0 %, 0 %, 16280 MiB, 16280 MiB, 0 MiB
2019/03/28 14:23:56.211, 35, 0 %, 0 %, 16280 MiB, 16280 MiB, 0 MiB
2019/03/28 14:23:57.212, 35, 0 %, 0 %, 16280 MiB, 16280 MiB, 0 MiB
2019/03/28 14:23:58.213, 35, 0 %, 0 %, 16280 MiB, 16280 MiB, 0 MiB
2019/03/28 14:23:59.214, 35, 0 %, 0 %, 16280 MiB, 16280 MiB, 0 MiB
2019/03/28 14:24:00.215, 35, 0 %, 0 %, 16280 MiB, 16280 MiB, 0 MiB
2019/03/28 14:24:01.216, 35, 0 %, 0 %, 16280 MiB, 16280 MiB, 0 MiB
2019/03/28 14:24:02.217, 35, 0 %, 0 %, 16280 MiB, 16280 MiB, 0 MiB
2019/03/28 14:24:03.218, 35, 0 %, 0 %, 16280 MiB, 16280 MiB, 0 MiB
2019/03/28 14:24:04.219, 35, 0 %, 0 %, 16280 MiB, 16280 MiB, 0 MiB
2019/03/28 14:24:05.220, 35, 0 %, 0 %, 16280 MiB, 16280 MiB, 0 MiB
2019/03/28 14:24:06.362, 35, 0 %, 0 %, 16280 MiB, 16280 MiB, 0 MiB
2019/03/28 14:24:07.363, 35, 0 %, 0 %, 16280 MiB, 16280 MiB, 0 MiB
2019/03/28 14:24:08.364, 35, 0 %, 0 %, 16280 MiB, 16280 MiB, 0 MiB
2019/03/28 14:24:09.365, 35, 0 %, 0 %, 16280 MiB, 16280 MiB, 0 MiB
2019/03/28 14:24:10.366, 35, 0 %, 0 %, 16280 MiB, 16280 MiB, 0 MiB
2019/03/28 14:24:11.367, 35, 0 %, 0 %, 16280 MiB, 16280 MiB, 0 MiB
2019/03/28 14:24:12.368, 35, 0 %, 0 %, 16280 MiB, 16280 MiB, 0 MiB
2019/03/28 14:24:13.369, 35, 0 %, 0 %, 16280 MiB, 16280 MiB, 0 MiB
2019/03/28 14:24:14.370, 35, 0 %, 0 %, 16280 MiB, 16280 MiB, 0 MiB
2019/03/28 14:24:15.371, 35, 0 %, 0 %, 16280 MiB, 16280 MiB, 0 MiB
2019/03/28 14:24:16.497, 35, 0 %, 0 %, 16280 MiB, 16280 MiB, 0 MiB
2019/03/28 14:24:17.498, 35, 0 %, 0 %, 16280 MiB, 16280 MiB, 0 MiB
2019/03/28 14:24:18.499, 35, 0 %, 0 %, 16280 MiB, 16280 MiB, 0 MiB
2019/03/28 14:24:19.500, 35, 0 %, 0 %, 16280 MiB, 16280 MiB, 0 MiB
2019/03/28 14:24:20.501, 35, 0 %, 0 %, 16280 MiB, 16280 MiB, 0 MiB
2019/03/28 14:24:21.502, 35, 0 %, 0 %, 16280 MiB, 16280 MiB, 0 MiB
2019/03/28 14:24:22.503, 35, 0 %, 0 %, 16280 MiB, 16280 MiB, 0 MiB
2019/03/28 14:24:23.504, 35, 0 %, 0 %, 16280 MiB, 16280 MiB, 0 MiB
2019/03/28 14:24:24.505, 35, 0 %, 0 %, 16280 MiB, 16280 MiB, 0 MiB
2019/03/28 14:24:25.506, 35, 0 %, 0 %, 16280 MiB, 16280 MiB, 0 MiB
2019/03/28 14:24:26.507, 35, 0 %, 0 %, 16280 MiB, 16280 MiB, 0 MiB
2019/03/28 14:24:27.508, 35, 0 %, 0 %, 16280 MiB, 16280 MiB, 0 MiB
2019/03/28 14:24:28.509, 35, 0 %, 0 %, 16280 MiB, 16280 MiB, 0 MiB
2019/03/28 14:24:29.510, 35, 0 %, 0 %, 16280 MiB, 16280 MiB, 0 MiB
2019/03/28 14:24:30.511, 35, 0 %, 0 %, 16280 MiB, 16280 MiB, 0 MiB
2019/03/28 14:24:31.512, 35, 0 %, 0 %, 16280 MiB, 16280 MiB, 0 MiB
2019/03/28 14:24:32.513, 35, 0 %, 0 %, 16280 MiB, 16280 MiB, 0 MiB
2019/03/28 14:24:33.514, 35, 0 %, 0 %, 16280 MiB, 16280 MiB, 0 MiB
2019/03/28 14:24:34.515, 35, 0 %, 0 %, 16280 MiB, 16280 MiB, 0 MiB
2019/03/28 14:24:35.515, 35, 0 %, 0 %, 16280 MiB, 16280 MiB, 0 MiB
2019/03/28 14:24:36.516, 35, 0 %, 0 %, 16280 MiB, 16280 MiB, 0 MiB
2019/03/28 14:24:37.517, 35, 0 %, 0 %, 16280 MiB, 16280 MiB, 0 MiB
2019/03/28 14:24:38.518, 35, 0 %, 0 %, 16280 MiB, 16280 MiB, 0 MiB
2019/03/28 14:24:39.519, 35, 0 %, 0 %, 16280 MiB, 16280 MiB, 0 MiB
2019/03/28 14:24:40.520, 35, 0 %, 0 %, 16280 MiB, 16280 MiB, 0 MiB
2019/03/28 14:24:41.528, 35, 0 %, 0 %, 16280 MiB, 16280 MiB, 0 MiB
2019/03/28 14:24:42.529, 35, 0 %, 0 %, 16280 MiB, 16280 MiB, 0 MiB
2019/03/28 14:24:43.530, 35, 0 %, 0 %, 16280 MiB, 16280 MiB, 0 MiB
2019/03/28 14:24:44.531, 35, 0 %, 0 %, 16280 MiB, 16280 MiB, 0 MiB
2019/03/28 14:24:45.532, 35, 0 %, 0 %, 16280 MiB, 16280 MiB, 0 MiB
2019/03/28 14:24:46.553, 35, 0 %, 0 %, 16280 MiB, 16280 MiB, 0 MiB
2019/03/28 14:24:47.554, 35, 0 %, 0 %, 16280 MiB, 16280 MiB, 0 MiB
2019/03/28 14:24:48.555, 35, 0 %, 0 %, 16280 MiB, 16280 MiB, 0 MiB
2019/03/28 14:24:49.556, 35, 0 %, 0 %, 16280 MiB, 16280 MiB, 0 MiB
2019/03/28 14:24:50.557, 35, 0 %, 0 %, 16280 MiB, 16280 MiB, 0 MiB
2019/03/28 14:24:51.558, 35, 0 %, 0 %, 16280 MiB, 16280 MiB, 0 MiB
2019/03/28 14:24:52.559, 35, 0 %, 0 %, 16280 MiB, 16280 MiB, 0 MiB
2019/03/28 14:24:53.560, 35, 0 %, 0 %, 16280 MiB, 16280 MiB, 0 MiB
2019/03/28 14:24:54.561, 35, 0 %, 0 %, 16280 MiB, 16280 MiB, 0 MiB
2019/03/28 14:24:55.562, 35, 0 %, 0 %, 16280 MiB, 16280 MiB, 0 MiB
2019/03/28 14:24:56.563, 35, 0 %, 0 %, 16280 MiB, 16280 MiB, 0 MiB
2019/03/28 14:24:57.564, 35, 0 %, 0 %, 16280 MiB, 16280 MiB, 0 MiB
2019/03/28 14:24:58.565, 35, 0 %, 0 %, 16280 MiB, 16280 MiB, 0 MiB
2019/03/28 14:24:59.566, 35, 0 %, 0 %, 16280 MiB, 16280 MiB, 0 MiB
2019/03/28 14:25:00.567, 35, 0 %, 0 %, 16280 MiB, 16280 MiB, 0 MiB
2019/03/28 14:25:01.568, 35, 0 %, 0 %, 16280 MiB, 16280 MiB, 0 MiB
2019/03/28 14:25:02.569, 35, 0 %, 0 %, 16280 MiB, 16280 MiB, 0 MiB
2019/03/28 14:25:03.569, 35, 0 %, 0 %, 16280 MiB, 16280 MiB, 0 MiB
2019/03/28 14:25:04.570, 35, 0 %, 0 %, 16280 MiB, 16280 MiB, 0 MiB
2019/03/28 14:25:05.571, 35, 0 %, 0 %, 16280 MiB, 16280 MiB, 0 MiB
2019/03/28 14:25:06.572, 35, 0 %, 0 %, 16280 MiB, 16280 MiB, 0 MiB
2019/03/28 14:25:07.573, 35, 0 %, 0 %, 16280 MiB, 16280 MiB, 0 MiB
2019/03/28 14:25:08.574, 35, 0 %, 0 %, 16280 MiB, 16280 MiB, 0 MiB
2019/03/28 14:25:09.575, 35, 0 %, 0 %, 16280 MiB, 16280 MiB, 0 MiB
2019/03/28 14:25:10.576, 35, 0 %, 0 %, 16280 MiB, 16280 MiB, 0 MiB
2019/03/28 14:25:11.577, 35, 0 %, 0 %, 16280 MiB, 16280 MiB, 0 MiB
2019/03/28 14:25:12.578, 35, 0 %, 0 %, 16280 MiB, 16280 MiB, 0 MiB
2019/03/28 14:25:13.579, 35, 0 %, 0 %, 16280 MiB, 16280 MiB, 0 MiB
2019/03/28 14:25:14.580, 35, 0 %, 0 %, 16280 MiB, 16280 MiB, 0 MiB
2019/03/28 14:25:15.581, 35, 0 %, 0 %, 16280 MiB, 16280 MiB, 0 MiB
2019/03/28 14:25:16.582, 35, 0 %, 0 %, 16280 MiB, 16280 MiB, 0 MiB
2019/03/28 14:25:17.583, 35, 0 %, 0 %, 16280 MiB, 16280 MiB, 0 MiB
2019/03/28 14:25:18.584, 35, 0 %, 0 %, 16280 MiB, 16280 MiB, 0 MiB
2019/03/28 14:25:19.585, 35, 0 %, 0 %, 16280 MiB, 16280 MiB, 0 MiB
2019/03/28 14:25:20.586, 35, 0 %, 0 %, 16280 MiB, 16280 MiB, 0 MiB
2019/03/28 14:25:21.616, 35, 0 %, 0 %, 16280 MiB, 16280 MiB, 0 MiB
2019/03/28 14:25:22.617, 35, 0 %, 0 %, 16280 MiB, 16280 MiB, 0 MiB
2019/03/28 14:25:23.618, 35, 0 %, 0 %, 16280 MiB, 16280 MiB, 0 MiB
2019/03/28 14:25:24.619, 35, 0 %, 0 %, 16280 MiB, 16280 MiB, 0 MiB
2019/03/28 14:25:25.620, 35, 0 %, 0 %, 16280 MiB, 16280 MiB, 0 MiB
2019/03/28 14:25:26.771, 35, 0 %, 0 %, 16280 MiB, 16280 MiB, 0 MiB
2019/03/28 14:25:27.772, 35, 0 %, 0 %, 16280 MiB, 16280 MiB, 0 MiB
2019/03/28 14:25:28.773, 35, 0 %, 0 %, 16280 MiB, 16280 MiB, 0 MiB
2019/03/28 14:25:29.773, 35, 0 %, 0 %, 16280 MiB, 16280 MiB, 0 MiB
2019/03/28 14:25:30.774, 35, 0 %, 0 %, 16280 MiB, 16280 MiB, 0 MiB
2019/03/28 14:25:31.838, 35, 0 %, 0 %, 16280 MiB, 16280 MiB, 0 MiB
2019/03/28 14:25:32.839, 35, 0 %, 0 %, 16280 MiB, 16280 MiB, 0 MiB
2019/03/28 14:25:33.840, 35, 0 %, 0 %, 16280 MiB, 16280 MiB, 0 MiB
2019/03/28 14:25:34.841, 35, 0 %, 0 %, 16280 MiB, 16280 MiB, 0 MiB
2019/03/28 14:25:35.842, 35, 0 %, 0 %, 16280 MiB, 16280 MiB, 0 MiB
2019/03/28 14:25:36.843, 35, 0 %, 0 %, 16280 MiB, 16280 MiB, 0 MiB
2019/03/28 14:25:37.844, 35, 0 %, 0 %, 16280 MiB, 16280 MiB, 0 MiB
2019/03/28 14:25:38.845, 35, 0 %, 0 %, 16280 MiB, 16280 MiB, 0 MiB
2019/03/28 14:25:39.846, 35, 0 %, 0 %, 16280 MiB, 16280 MiB, 0 MiB
2019/03/28 14:25:40.847, 35, 0 %, 0 %, 16280 MiB, 16280 MiB, 0 MiB
2019/03/28 14:25:41.920, 35, 0 %, 0 %, 16280 MiB, 16280 MiB, 0 MiB
2019/03/28 14:25:42.921, 35, 0 %, 0 %, 16280 MiB, 16280 MiB, 0 MiB
2019/03/28 14:25:43.922, 35, 0 %, 0 %, 16280 MiB, 16280 MiB, 0 MiB
2019/03/28 14:25:44.923, 35, 0 %, 0 %, 16280 MiB, 16280 MiB, 0 MiB
2019/03/28 14:25:45.924, 35, 0 %, 0 %, 16280 MiB, 16280 MiB, 0 MiB
2019/03/28 14:25:46.929, 35, 0 %, 0 %, 16280 MiB, 16280 MiB, 0 MiB
2019/03/28 14:25:47.930, 35, 0 %, 0 %, 16280 MiB, 16280 MiB, 0 MiB
2019/03/28 14:25:48.931, 35, 0 %, 0 %, 16280 MiB, 16280 MiB, 0 MiB
2019/03/28 14:25:49.932, 35, 0 %, 0 %, 16280 MiB, 16280 MiB, 0 MiB
2019/03/28 14:25:50.933, 35, 0 %, 0 %, 16280 MiB, 16280 MiB, 0 MiB
2019/03/28 14:25:51.934, 35, 0 %, 0 %, 16280 MiB, 16280 MiB, 0 MiB
2019/03/28 14:25:52.935, 35, 0 %, 0 %, 16280 MiB, 16280 MiB, 0 MiB
2019/03/28 14:25:53.936, 35, 0 %, 0 %, 16280 MiB, 16280 MiB, 0 MiB
2019/03/28 14:25:54.937, 35, 0 %, 0 %, 16280 MiB, 16280 MiB, 0 MiB
2019/03/28 14:25:55.938, 35, 0 %, 0 %, 16280 MiB, 16280 MiB, 0 MiB
2019/03/28 14:25:56.969, 35, 0 %, 0 %, 16280 MiB, 16280 MiB, 0 MiB
2019/03/28 14:25:57.970, 35, 0 %, 0 %, 16280 MiB, 16280 MiB, 0 MiB
2019/03/28 14:25:58.971, 35, 0 %, 0 %, 16280 MiB, 16280 MiB, 0 MiB
2019/03/28 14:25:59.972, 35, 0 %, 0 %, 16280 MiB, 16280 MiB, 0 MiB
2019/03/28 14:26:00.973, 35, 0 %, 0 %, 16280 MiB, 16280 MiB, 0 MiB
2019/03/28 14:26:02.009, 35, 0 %, 0 %, 16280 MiB, 16280 MiB, 0 MiB
2019/03/28 14:26:03.010, 35, 0 %, 0 %, 16280 MiB, 16280 MiB, 0 MiB
2019/03/28 14:26:04.011, 35, 0 %, 0 %, 16280 MiB, 16280 MiB, 0 MiB
2019/03/28 14:26:05.012, 35, 0 %, 0 %, 16280 MiB, 16280 MiB, 0 MiB
2019/03/28 14:26:06.013, 35, 0 %, 0 %, 16280 MiB, 16280 MiB, 0 MiB
2019/03/28 14:26:07.046, 35, 0 %, 0 %, 16280 MiB, 16280 MiB, 0 MiB
2019/03/28 14:26:08.047, 35, 0 %, 0 %, 16280 MiB, 16280 MiB, 0 MiB
2019/03/28 14:26:09.048, 35, 0 %, 0 %, 16280 MiB, 16280 MiB, 0 MiB
2019/03/28 14:26:10.049, 35, 0 %, 0 %, 16280 MiB, 16280 MiB, 0 MiB
2019/03/28 14:26:11.050, 35, 0 %, 0 %, 16280 MiB, 16280 MiB, 0 MiB
2019/03/28 14:26:12.051, 35, 0 %, 0 %, 16280 MiB, 16280 MiB, 0 MiB
2019/03/28 14:26:13.052, 35, 0 %, 0 %, 16280 MiB, 16280 MiB, 0 MiB
2019/03/28 14:26:14.053, 35, 0 %, 0 %, 16280 MiB, 16280 MiB, 0 MiB
2019/03/28 14:26:15.054, 35, 0 %, 0 %, 16280 MiB, 16280 MiB, 0 MiB
2019/03/28 14:26:16.055, 35, 0 %, 0 %, 16280 MiB, 16280 MiB, 0 MiB
2019/03/28 14:26:17.081, 35, 0 %, 0 %, 16280 MiB, 16280 MiB, 0 MiB
2019/03/28 14:26:18.082, 35, 0 %, 0 %, 16280 MiB, 16280 MiB, 0 MiB
2019/03/28 14:26:19.083, 35, 0 %, 0 %, 16280 MiB, 16280 MiB, 0 MiB
2019/03/28 14:26:20.084, 35, 0 %, 0 %, 16280 MiB, 16280 MiB, 0 MiB
2019/03/28 14:26:21.085, 35, 0 %, 0 %, 16280 MiB, 16280 MiB, 0 MiB
2019/03/28 14:26:22.086, 35, 0 %, 0 %, 16280 MiB, 16280 MiB, 0 MiB
2019/03/28 14:26:23.087, 35, 0 %, 0 %, 16280 MiB, 16280 MiB, 0 MiB
2019/03/28 14:26:24.088, 35, 0 %, 0 %, 16280 MiB, 16280 MiB, 0 MiB
2019/03/28 14:26:25.089, 35, 0 %, 0 %, 16280 MiB, 16280 MiB, 0 MiB
2019/03/28 14:26:26.090, 35, 0 %, 0 %, 16280 MiB, 16280 MiB, 0 MiB
2019/03/28 14:26:27.172, 35, 0 %, 0 %, 16280 MiB, 16280 MiB, 0 MiB
2019/03/28 14:26:28.173, 35, 0 %, 0 %, 16280 MiB, 16280 MiB, 0 MiB
2019/03/28 14:26:29.174, 35, 0 %, 0 %, 16280 MiB, 16280 MiB, 0 MiB
2019/03/28 14:26:30.175, 35, 0 %, 0 %, 16280 MiB, 16280 MiB, 0 MiB
2019/03/28 14:26:31.176, 35, 0 %, 0 %, 16280 MiB, 16280 MiB, 0 MiB
2019/03/28 14:26:32.177, 35, 0 %, 0 %, 16280 MiB, 16280 MiB, 0 MiB
2019/03/28 14:26:33.178, 35, 0 %, 0 %, 16280 MiB, 16280 MiB, 0 MiB
2019/03/28 14:26:34.179, 35, 0 %, 0 %, 16280 MiB, 16280 MiB, 0 MiB
2019/03/28 14:26:35.180, 35, 0 %, 0 %, 16280 MiB, 16280 MiB, 0 MiB
2019/03/28 14:26:36.181, 35, 0 %, 0 %, 16280 MiB, 16280 MiB, 0 MiB
2019/03/28 14:26:37.182, 35, 0 %, 0 %, 16280 MiB, 16280 MiB, 0 MiB
2019/03/28 14:26:38.183, 35, 0 %, 0 %, 16280 MiB, 16280 MiB, 0 MiB
2019/03/28 14:26:39.184, 35, 0 %, 0 %, 16280 MiB, 16280 MiB, 0 MiB
2019/03/28 14:26:40.185, 35, 0 %, 0 %, 16280 MiB, 16280 MiB, 0 MiB
2019/03/28 14:26:41.186, 35, 0 %, 0 %, 16280 MiB, 16280 MiB, 0 MiB
2019/03/28 14:26:42.187, 35, 0 %, 0 %, 16280 MiB, 16280 MiB, 0 MiB
2019/03/28 14:26:43.188, 35, 0 %, 0 %, 16280 MiB, 16280 MiB, 0 MiB
2019/03/28 14:26:44.189, 35, 0 %, 0 %, 16280 MiB, 16280 MiB, 0 MiB
2019/03/28 14:26:45.190, 35, 0 %, 0 %, 16280 MiB, 16280 MiB, 0 MiB
2019/03/28 14:26:46.191, 35, 0 %, 0 %, 16280 MiB, 16280 MiB, 0 MiB
2019/03/28 14:26:47.192, 35, 0 %, 0 %, 16280 MiB, 16280 MiB, 0 MiB
2019/03/28 14:26:48.193, 35, 0 %, 0 %, 16280 MiB, 16280 MiB, 0 MiB
2019/03/28 14:26:49.194, 35, 0 %, 0 %, 16280 MiB, 16280 MiB, 0 MiB
2019/03/28 14:26:50.195, 35, 0 %, 0 %, 16280 MiB, 16280 MiB, 0 MiB
2019/03/28 14:26:51.196, 35, 0 %, 0 %, 16280 MiB, 16280 MiB, 0 MiB
2019/03/28 14:26:52.197, 35, 0 %, 0 %, 16280 MiB, 16280 MiB, 0 MiB
2019/03/28 14:26:53.198, 35, 0 %, 0 %, 16280 MiB, 16280 MiB, 0 MiB
2019/03/28 14:26:54.199, 35, 0 %, 0 %, 16280 MiB, 16280 MiB, 0 MiB
2019/03/28 14:26:55.200, 35, 0 %, 0 %, 16280 MiB, 16280 MiB, 0 MiB
2019/03/28 14:26:56.201, 35, 0 %, 0 %, 16280 MiB, 16280 MiB, 0 MiB
2019/03/28 14:26:57.202, 35, 0 %, 0 %, 16280 MiB, 16280 MiB, 0 MiB
2019/03/28 14:26:58.203, 35, 0 %, 0 %, 16280 MiB, 16280 MiB, 0 MiB
2019/03/28 14:26:59.204, 35, 0 %, 0 %, 16280 MiB, 16280 MiB, 0 MiB
2019/03/28 14:27:00.205, 35, 0 %, 0 %, 16280 MiB, 16280 MiB, 0 MiB
2019/03/28 14:27:01.206, 35, 0 %, 0 %, 16280 MiB, 16280 MiB, 0 MiB
2019/03/28 14:27:02.207, 35, 0 %, 0 %, 16280 MiB, 16280 MiB, 0 MiB
2019/03/28 14:27:03.208, 35, 0 %, 0 %, 16280 MiB, 16280 MiB, 0 MiB
2019/03/28 14:27:04.209, 35, 0 %, 0 %, 16280 MiB, 16280 MiB, 0 MiB
2019/03/28 14:27:05.210, 35, 0 %, 0 %, 16280 MiB, 16280 MiB, 0 MiB
2019/03/28 14:27:06.211, 35, 0 %, 0 %, 16280 MiB, 16280 MiB, 0 MiB
2019/03/28 14:27:07.211, 35, 0 %, 0 %, 16280 MiB, 16280 MiB, 0 MiB
2019/03/28 14:27:08.212, 35, 0 %, 0 %, 16280 MiB, 16280 MiB, 0 MiB
2019/03/28 14:27:09.213, 35, 0 %, 0 %, 16280 MiB, 16280 MiB, 0 MiB
2019/03/28 14:27:10.214, 35, 0 %, 0 %, 16280 MiB, 16280 MiB, 0 MiB
2019/03/28 14:27:11.215, 35, 0 %, 0 %, 16280 MiB, 16280 MiB, 0 MiB
2019/03/28 14:27:12.216, 35, 0 %, 0 %, 16280 MiB, 16280 MiB, 0 MiB
2019/03/28 14:27:13.217, 35, 0 %, 0 %, 16280 MiB, 16280 MiB, 0 MiB
2019/03/28 14:27:14.218, 35, 0 %, 0 %, 16280 MiB, 16280 MiB, 0 MiB
2019/03/28 14:27:15.219, 35, 0 %, 0 %, 16280 MiB, 16280 MiB, 0 MiB
2019/03/28 14:27:16.220, 35, 0 %, 0 %, 16280 MiB, 16280 MiB, 0 MiB
2019/03/28 14:27:17.221, 35, 0 %, 0 %, 16280 MiB, 16280 MiB, 0 MiB
2019/03/28 14:27:18.222, 35, 0 %, 0 %, 16280 MiB, 16280 MiB, 0 MiB
2019/03/28 14:27:19.223, 35, 0 %, 0 %, 16280 MiB, 16280 MiB, 0 MiB
2019/03/28 14:27:20.224, 35, 0 %, 0 %, 16280 MiB, 16280 MiB, 0 MiB
2019/03/28 14:27:21.225, 35, 0 %, 0 %, 16280 MiB, 16280 MiB, 0 MiB
2019/03/28 14:27:22.226, 35, 0 %, 0 %, 16280 MiB, 16280 MiB, 0 MiB
2019/03/28 14:27:23.227, 35, 0 %, 0 %, 16280 MiB, 16280 MiB, 0 MiB
2019/03/28 14:27:24.228, 35, 0 %, 0 %, 16280 MiB, 16280 MiB, 0 MiB
2019/03/28 14:27:25.229, 35, 0 %, 0 %, 16280 MiB, 16280 MiB, 0 MiB
2019/03/28 14:27:26.230, 35, 0 %, 0 %, 16280 MiB, 16280 MiB, 0 MiB
2019/03/28 14:27:27.231, 35, 0 %, 0 %, 16280 MiB, 16280 MiB, 0 MiB
2019/03/28 14:27:28.232, 35, 0 %, 0 %, 16280 MiB, 16280 MiB, 0 MiB
2019/03/28 14:27:29.233, 35, 0 %, 0 %, 16280 MiB, 16280 MiB, 0 MiB
2019/03/28 14:27:30.234, 35, 0 %, 0 %, 16280 MiB, 16280 MiB, 0 MiB
2019/03/28 14:27:31.235, 35, 0 %, 0 %, 16280 MiB, 16280 MiB, 0 MiB
2019/03/28 14:27:32.420, 35, 0 %, 0 %, 16280 MiB, 16280 MiB, 0 MiB
2019/03/28 14:27:33.421, 35, 0 %, 0 %, 16280 MiB, 16280 MiB, 0 MiB
2019/03/28 14:27:34.422, 35, 0 %, 0 %, 16280 MiB, 16280 MiB, 0 MiB
2019/03/28 14:27:35.423, 35, 0 %, 0 %, 16280 MiB, 16280 MiB, 0 MiB
2019/03/28 14:27:36.424, 35, 0 %, 0 %, 16280 MiB, 16280 MiB, 0 MiB
2019/03/28 14:27:37.424, 35, 0 %, 0 %, 16280 MiB, 16280 MiB, 0 MiB
2019/03/28 14:27:38.425, 35, 0 %, 0 %, 16280 MiB, 16280 MiB, 0 MiB
2019/03/28 14:27:39.426, 35, 0 %, 0 %, 16280 MiB, 16280 MiB, 0 MiB
2019/03/28 14:27:40.427, 35, 0 %, 0 %, 16280 MiB, 16280 MiB, 0 MiB
2019/03/28 14:27:41.428, 35, 0 %, 0 %, 16280 MiB, 16280 MiB, 0 MiB
2019/03/28 14:27:42.429, 35, 0 %, 0 %, 16280 MiB, 16280 MiB, 0 MiB
2019/03/28 14:27:43.430, 35, 0 %, 0 %, 16280 MiB, 16280 MiB, 0 MiB
2019/03/28 14:27:44.431, 35, 0 %, 0 %, 16280 MiB, 16280 MiB, 0 MiB
2019/03/28 14:27:45.432, 35, 0 %, 0 %, 16280 MiB, 16280 MiB, 0 MiB
2019/03/28 14:27:46.433, 35, 0 %, 0 %, 16280 MiB, 16280 MiB, 0 MiB
2019/03/28 14:27:47.434, 35, 0 %, 0 %, 16280 MiB, 16280 MiB, 0 MiB
2019/03/28 14:27:48.435, 35, 0 %, 0 %, 16280 MiB, 16280 MiB, 0 MiB
2019/03/28 14:27:49.436, 35, 0 %, 0 %, 16280 MiB, 16280 MiB, 0 MiB
2019/03/28 14:27:50.437, 35, 0 %, 0 %, 16280 MiB, 16280 MiB, 0 MiB
2019/03/28 14:27:51.438, 35, 0 %, 0 %, 16280 MiB, 16280 MiB, 0 MiB
2019/03/28 14:27:52.452, 35, 0 %, 0 %, 16280 MiB, 16280 MiB, 0 MiB
2019/03/28 14:27:53.453, 35, 0 %, 0 %, 16280 MiB, 16280 MiB, 0 MiB
2019/03/28 14:27:54.454, 35, 0 %, 0 %, 16280 MiB, 16280 MiB, 0 MiB
2019/03/28 14:27:55.455, 35, 0 %, 0 %, 16280 MiB, 16280 MiB, 0 MiB
2019/03/28 14:27:56.456, 35, 0 %, 0 %, 16280 MiB, 16280 MiB, 0 MiB
2019/03/28 14:27:57.457, 35, 0 %, 0 %, 16280 MiB, 16280 MiB, 0 MiB
2019/03/28 14:27:58.458, 35, 0 %, 0 %, 16280 MiB, 16280 MiB, 0 MiB
2019/03/28 14:27:59.458, 35, 0 %, 0 %, 16280 MiB, 16280 MiB, 0 MiB
2019/03/28 14:28:00.459, 35, 0 %, 0 %, 16280 MiB, 16280 MiB, 0 MiB
2019/03/28 14:28:01.460, 35, 0 %, 0 %, 16280 MiB, 16280 MiB, 0 MiB
2019/03/28 14:28:02.461, 35, 0 %, 0 %, 16280 MiB, 16280 MiB, 0 MiB
2019/03/28 14:28:03.462, 35, 0 %, 0 %, 16280 MiB, 16280 MiB, 0 MiB
2019/03/28 14:28:04.463, 35, 0 %, 0 %, 16280 MiB, 16280 MiB, 0 MiB
2019/03/28 14:28:05.464, 35, 0 %, 0 %, 16280 MiB, 16280 MiB, 0 MiB
2019/03/28 14:28:06.465, 35, 0 %, 0 %, 16280 MiB, 16280 MiB, 0 MiB
2019/03/28 14:28:07.502, 35, 0 %, 0 %, 16280 MiB, 16280 MiB, 0 MiB
2019/03/28 14:28:08.503, 35, 0 %, 0 %, 16280 MiB, 16280 MiB, 0 MiB
2019/03/28 14:28:09.504, 35, 0 %, 0 %, 16280 MiB, 16280 MiB, 0 MiB
2019/03/28 14:28:10.505, 35, 0 %, 0 %, 16280 MiB, 16280 MiB, 0 MiB
2019/03/28 14:28:11.506, 35, 0 %, 0 %, 16280 MiB, 16280 MiB, 0 MiB
2019/03/28 14:28:12.507, 35, 0 %, 0 %, 16280 MiB, 16280 MiB, 0 MiB
2019/03/28 14:28:13.508, 35, 0 %, 0 %, 16280 MiB, 16280 MiB, 0 MiB
2019/03/28 14:28:14.509, 35, 0 %, 0 %, 16280 MiB, 16280 MiB, 0 MiB
2019/03/28 14:28:15.510, 35, 0 %, 0 %, 16280 MiB, 16280 MiB, 0 MiB
2019/03/28 14:28:16.511, 35, 0 %, 0 %, 16280 MiB, 16280 MiB, 0 MiB
2019/03/28 14:28:17.512, 35, 0 %, 0 %, 16280 MiB, 16280 MiB, 0 MiB
2019/03/28 14:28:18.513, 35, 0 %, 0 %, 16280 MiB, 16280 MiB, 0 MiB
2019/03/28 14:28:19.514, 35, 0 %, 0 %, 16280 MiB, 16280 MiB, 0 MiB
2019/03/28 14:28:20.515, 35, 0 %, 0 %, 16280 MiB, 16280 MiB, 0 MiB
2019/03/28 14:28:21.516, 35, 0 %, 0 %, 16280 MiB, 16280 MiB, 0 MiB
2019/03/28 14:28:22.517, 35, 0 %, 0 %, 16280 MiB, 16280 MiB, 0 MiB
2019/03/28 14:28:23.518, 35, 0 %, 0 %, 16280 MiB, 16280 MiB, 0 MiB
2019/03/28 14:28:24.519, 35, 0 %, 0 %, 16280 MiB, 16280 MiB, 0 MiB
2019/03/28 14:28:25.520, 35, 0 %, 0 %, 16280 MiB, 16280 MiB, 0 MiB
2019/03/28 14:28:26.521, 35, 0 %, 0 %, 16280 MiB, 16280 MiB, 0 MiB
2019/03/28 14:28:27.522, 35, 0 %, 0 %, 16280 MiB, 16280 MiB, 0 MiB
2019/03/28 14:28:28.523, 35, 0 %, 0 %, 16280 MiB, 16280 MiB, 0 MiB
2019/03/28 14:28:29.524, 35, 0 %, 0 %, 16280 MiB, 16280 MiB, 0 MiB
2019/03/28 14:28:30.525, 35, 0 %, 0 %, 16280 MiB, 16280 MiB, 0 MiB
2019/03/28 14:28:31.526, 35, 0 %, 0 %, 16280 MiB, 16280 MiB, 0 MiB
2019/03/28 14:28:32.527, 35, 0 %, 0 %, 16280 MiB, 16280 MiB, 0 MiB
2019/03/28 14:28:33.528, 35, 0 %, 0 %, 16280 MiB, 16280 MiB, 0 MiB
2019/03/28 14:28:34.529, 35, 0 %, 0 %, 16280 MiB, 16280 MiB, 0 MiB
2019/03/28 14:28:35.529, 35, 0 %, 0 %, 16280 MiB, 16280 MiB, 0 MiB
2019/03/28 14:28:36.530, 35, 0 %, 0 %, 16280 MiB, 16280 MiB, 0 MiB
2019/03/28 14:28:37.531, 35, 0 %, 0 %, 16280 MiB, 16280 MiB, 0 MiB
2019/03/28 14:28:38.532, 35, 0 %, 0 %, 16280 MiB, 16280 MiB, 0 MiB
2019/03/28 14:28:39.533, 35, 0 %, 0 %, 16280 MiB, 16280 MiB, 0 MiB
2019/03/28 14:28:40.534, 35, 0 %, 0 %, 16280 MiB, 16280 MiB, 0 MiB
2019/03/28 14:28:41.535, 35, 0 %, 0 %, 16280 MiB, 16280 MiB, 0 MiB
2019/03/28 14:28:42.536, 35, 0 %, 0 %, 16280 MiB, 16280 MiB, 0 MiB
2019/03/28 14:28:43.537, 35, 0 %, 0 %, 16280 MiB, 16280 MiB, 0 MiB
2019/03/28 14:28:44.538, 35, 0 %, 0 %, 16280 MiB, 16280 MiB, 0 MiB
2019/03/28 14:28:45.539, 35, 0 %, 0 %, 16280 MiB, 16280 MiB, 0 MiB
2019/03/28 14:28:46.540, 35, 0 %, 0 %, 16280 MiB, 16280 MiB, 0 MiB
2019/03/28 14:28:47.640, 35, 0 %, 0 %, 16280 MiB, 16280 MiB, 0 MiB
2019/03/28 14:28:48.641, 35, 0 %, 0 %, 16280 MiB, 16280 MiB, 0 MiB
2019/03/28 14:28:49.642, 35, 0 %, 0 %, 16280 MiB, 16280 MiB, 0 MiB
2019/03/28 14:28:50.642, 35, 0 %, 0 %, 16280 MiB, 16280 MiB, 0 MiB
2019/03/28 14:28:51.643, 35, 0 %, 0 %, 16280 MiB, 16280 MiB, 0 MiB
2019/03/28 14:28:52.740, 35, 0 %, 0 %, 16280 MiB, 16280 MiB, 0 MiB
2019/03/28 14:28:53.741, 35, 0 %, 0 %, 16280 MiB, 16280 MiB, 0 MiB
2019/03/28 14:28:54.742, 35, 0 %, 0 %, 16280 MiB, 16280 MiB, 0 MiB
2019/03/28 14:28:55.743, 35, 0 %, 0 %, 16280 MiB, 16280 MiB, 0 MiB
2019/03/28 14:28:56.744, 35, 0 %, 0 %, 16280 MiB, 16280 MiB, 0 MiB
2019/03/28 14:28:57.745, 35, 0 %, 0 %, 16280 MiB, 16280 MiB, 0 MiB
2019/03/28 14:28:58.746, 35, 0 %, 0 %, 16280 MiB, 16280 MiB, 0 MiB
2019/03/28 14:28:59.747, 35, 0 %, 0 %, 16280 MiB, 16280 MiB, 0 MiB
2019/03/28 14:29:00.748, 35, 0 %, 0 %, 16280 MiB, 16280 MiB, 0 MiB
2019/03/28 14:29:01.749, 35, 0 %, 0 %, 16280 MiB, 16280 MiB, 0 MiB
2019/03/28 14:29:02.752, 35, 0 %, 0 %, 16280 MiB, 16280 MiB, 0 MiB
2019/03/28 14:29:03.753, 35, 0 %, 0 %, 16280 MiB, 16280 MiB, 0 MiB
2019/03/28 14:29:04.754, 35, 0 %, 0 %, 16280 MiB, 16280 MiB, 0 MiB
2019/03/28 14:29:05.755, 35, 0 %, 0 %, 16280 MiB, 16280 MiB, 0 MiB
2019/03/28 14:29:06.755, 35, 0 %, 0 %, 16280 MiB, 16280 MiB, 0 MiB
2019/03/28 14:29:07.788, 35, 0 %, 0 %, 16280 MiB, 16280 MiB, 0 MiB
2019/03/28 14:29:08.789, 35, 0 %, 0 %, 16280 MiB, 16280 MiB, 0 MiB
2019/03/28 14:29:09.790, 35, 0 %, 0 %, 16280 MiB, 16280 MiB, 0 MiB
2019/03/28 14:29:10.791, 35, 0 %, 0 %, 16280 MiB, 16280 MiB, 0 MiB
2019/03/28 14:29:11.792, 35, 0 %, 0 %, 16280 MiB, 16280 MiB, 0 MiB
2019/03/28 14:29:13.191, 35, 0 %, 0 %, 16280 MiB, 16280 MiB, 0 MiB
2019/03/28 14:29:14.192, 35, 0 %, 0 %, 16280 MiB, 16280 MiB, 0 MiB
2019/03/28 14:29:15.193, 35, 0 %, 0 %, 16280 MiB, 16280 MiB, 0 MiB
2019/03/28 14:29:16.194, 35, 0 %, 0 %, 16280 MiB, 16280 MiB, 0 MiB
2019/03/28 14:29:17.195, 35, 0 %, 0 %, 16280 MiB, 16280 MiB, 0 MiB
2019/03/28 14:29:18.196, 35, 0 %, 0 %, 16280 MiB, 16280 MiB, 0 MiB
